-- phpMyAdmin SQL Dump
-- version 4.0.10deb1
-- http://www.phpmyadmin.net
--
-- Host: localhost
-- Generation Time: May 03, 2016 at 04:30 PM
-- Server version: 5.5.47-0ubuntu0.14.04.1
-- PHP Version: 5.5.9-1ubuntu4.14

SET SQL_MODE = "NO_AUTO_VALUE_ON_ZERO";
SET time_zone = "+00:00";


/*!40101 SET @OLD_CHARACTER_SET_CLIENT=@@CHARACTER_SET_CLIENT */;
/*!40101 SET @OLD_CHARACTER_SET_RESULTS=@@CHARACTER_SET_RESULTS */;
/*!40101 SET @OLD_COLLATION_CONNECTION=@@COLLATION_CONNECTION */;
/*!40101 SET NAMES utf8 */;

--
-- Database: `shashka`
--

-- --------------------------------------------------------

--
-- Table structure for table `abilities`
--

CREATE TABLE IF NOT EXISTS `abilities` (
  `id` int(100) unsigned NOT NULL AUTO_INCREMENT,
  `ability` varchar(255) DEFAULT NULL,
  `type` varchar(255) DEFAULT NULL,
  `description` longtext,
  PRIMARY KEY (`id`),
  UNIQUE KEY `abilities_ability_unique` (`ability`)
) ENGINE=InnoDB  DEFAULT CHARSET=latin1 AUTO_INCREMENT=45 ;

--
-- Dumping data for table `abilities`
--

INSERT INTO `abilities` (`id`, `ability`, `type`, `description`) VALUES
(1, 'Best Course', 'positive', 'Does better if it runs a course it likes'),
(2, 'Close Race Not OK ', 'negative', 'Performs poorly in close races'),
(3, 'Close Race OK', 'positive', 'Excels in close races'),
(4, 'Closer', 'positive', 'Races well when overtaking horses around the final corner'),
(5, 'Delicate', 'negative', 'Easily upset by bumping'),
(6, 'Dust Not OK', 'negative', 'Does not do well with dust'),
(7, 'Fast Pace Not OK', 'negative', 'Races worse the faster the pace'),
(8, 'Fast Pace OK', 'positive', 'Races better in faster paced races'),
(9, 'Free', 'positive', 'Races well even when out of position'),
(10, 'From Outside', 'positive', 'Gives an impressive burst on the outside after staying towards the back during the race'),
(11, 'Front Runner', 'positive', 'Races well when leading the pack by a large margin. Only for front running horses'),
(12, 'Grit', 'positive', 'Excels going head-to-head with another horse to the finish line'),
(13, 'Hates Pack', 'negative', 'Upset when caught in a crowd'),
(14, 'Inflexible', 'negative', 'Cannot race out of position'),
(15, 'Instant Response', 'positive', 'Reacts quickly to the jockey'),
(16, 'Last Corner Leader', 'positive', 'Performs well after taking lead around the last corner'),
(17, 'Last to First', 'positive', 'Explodes in the stretch when trailing through the race'),
(18, 'Likes Pack', 'positive', 'Comfortable running in a pack'),
(19, 'Loses Will', 'negative', 'Easily distracted after taking lead around the last corner'),
(20, 'Pace Down', 'positive', 'Pace slower is okay'),
(21, 'Pack Split', 'positive', 'Okay if pack splits'),
(22, 'Persistency', 'positive', 'Keeps going'),
(23, 'Rough Track Not OK', 'negative', 'Races poorly in rough track conditions'),
(24, 'Rough Track OK', 'positive', 'Performs well even in rough track conditions'),
(25, 'Second Wind', 'positive', 'When leading the pack all race long, further separates from the pack in the final stretch'),
(26, 'Slow OK', 'positive', 'Races better in slower races'),
(27, 'Slow Pace Not OK', 'negative', 'Races poorly in slower races'),
(28, 'Slow Start', 'negative', 'Slow at the beginning of the race'),
(29, 'Solo Runner', 'positive', 'Performs well when more than two lengths in the lead'),
(30, 'Spurt', 'positive', 'Excels when spurting from the back of the pack to '),
(31, 'Start Dash', 'positive', 'Starts well at the beginning of the race'),
(32, 'Stretch Burst', 'positive', 'Shows a tremendous burst of speed to the finish line'),
(33, 'Strong Heart', 'positive', 'Whip gauge falls slower than other horses in the stretch if the horse still has stamina'),
(34, 'Stubborn', 'negative', 'Sprints uncontrollably when spooked'),
(35, 'Tough', 'positive', 'Unfazed by bumping'),
(36, 'Whip', 'positive', 'Accelerates faster than usual when whipped at the start of the race'),
(37, 'Bears', 'negative', 'Bears right and left when stamina runs out'),
(44, 'Unknown', 'Unknown', 'Unknown');

-- --------------------------------------------------------

--
-- Table structure for table `domain_values`
--

CREATE TABLE IF NOT EXISTS `domain_values` (
  `domain` varchar(255) DEFAULT NULL,
  `id` int(100) unsigned NOT NULL AUTO_INCREMENT,
  `value` varchar(255) DEFAULT NULL,
  `description` longtext,
  PRIMARY KEY (`id`)
) ENGINE=InnoDB  DEFAULT CHARSET=latin1 AUTO_INCREMENT=59 ;

--
-- Dumping data for table `domain_values`
--

INSERT INTO `domain_values` (`domain`, `id`, `value`, `description`) VALUES
('GRADE', 1, 'OL', 'Open Level'),
('GRADE', 2, 'GIII', 'Grade III'),
('GRADE', 3, 'GII', 'Grade II'),
('GRADE', 4, 'GI', 'Grade I'),
('LEG_TYPE', 5, 'Closer', 'This type of horse often drops to the back of the field and trails the field throughout the race, until it lets loose an explosive turn of foot. These horses will often look to be hopelessly beaten, then suddenly turn it on in the middle or deep stretch and charge down the track hellbent for the finish line. They can often overwhelm horses that ran near the pace and repel challenges from other closers.'),
('LEG_TYPE', 6, 'Follower', 'This type of horse is often found in the middle of the pack, happily running along and bumping into its fellows without a care in the world. They’re content to run five or more lengths off the leaders and make their moves near the middle of the stretch and can sometimes simply overwhelm a tiring leader or kick back a challenging closer. They are similar to closers, but run closer to the stalkers and leaders.'),
('LEG_TYPE', 7, 'Front Runner', 'This type of horse loves the lead and loves to run uncontested at the front of the pack. Often these horses hate the idea of other horses bumping or pushing them in the middle of the pack and will run away at the start to lead the rest of the field on a merry chase. These horses may or may not be able to hold off closers – more often they can fold under pressure.'),
('LEG_TYPE', 8, 'Stalker', 'This type of horse is usually only a few lengths off the pace and tracking the leaders through each turn. These horses will bide their time then throw in a big move near the top or middle of a stretch, wearing down the leader to take over the top spot and hold on for the wire. Much like front runners, they may or may not be able to fend off the challengers of deep closers.'),
('SEX', 9, 'Gelding', 'Unaltered male horse'),
('SEX', 10, 'Stallion', 'Unaltered male horse'),
('SEX', 11, 'Mare', 'Unaltered female horse'),
('SURFACE_PREF', 12, 'Okay', ''),
('SURFACE_PREF', 13, 'Good', ''),
('SURFACE_PREF', 14, 'Great', ''),
('NECK_HEIGHT', 15, 'Normal', ''),
('NECK_HEIGHT', 16, 'High', ''),
('RUN_STYLE', 17, 'Normal', ''),
('RUN_STYLE', 18, 'Leg Lift', ''),
('BANDAGES', 19, 'Both', ''),
('BANDAGES', 20, 'Front', ''),
('BANDAGES', 21, 'None', ''),
('BANDAGES', 22, 'Back', ''),
('HOOD', 23, 'Yes', ''),
('HOOD', 24, 'No', ''),
('SHADOW_ROLL', 25, 'No', ''),
('SHADOW_ROLL', 26, 'Yes', ''),
('RACE_SERIES', 29, 'MSW', 'Maiden Special Weight'),
('RACE_SERIES', 30, 'AOC/NW', 'AOC/NW'),
('RACE_SERIES', 31, 'BC', 'Breeder''s Cup'),
('RACE_SERIES', 33, 'DWC', 'Dubai World Cup Series'),
('RACE_SERIES', 34, 'WT:C', 'World Tour: Canada'),
('RACE_SERIES', 35, 'WT:UAE', 'World Tour: United Arab Emirates'),
('RACE_SERIES', 36, 'F', 'Fillies Only'),
('GRADE', 37, 'All', 'All'),
('RACE_SERIES', 38, 'TC', 'Triple Crown'),
('RACE_SERIES', 39, 'TT', 'Triple Tiara'),
('SURFACE', 41, 'Dirt', ''),
('SURFACE', 42, 'Turf', ''),
('UNKNOWN', 44, 'Unknown', 'Unknown'),
('BREEDING_STATUS', 45, 'Available', 'This horse is available for breeding requests.'),
('BREEDING_STATUS', 46, 'Unavailable', 'This horse is NOT available for breeding requests.'),
('RACE_SERIES', 47, 'C', 'Colts Only'),
('RACE_SERIES', 48, 'MGC', 'Massachusetts Gaming Commission'),
('RACE_SERIES', 50, 'LC', 'Ladies Classic'),
('RACE_SERIES', 53, 'MGC', 'Maxxam Gold Cup'),
('RACE_SERIES', 57, 'ME', 'March Endurance'),
('RACE_SERIES', 58, 'SH', 'Sam Houston');

-- --------------------------------------------------------

--
-- Table structure for table `horses`
--

CREATE TABLE IF NOT EXISTS `horses` (
  `id` int(100) unsigned NOT NULL AUTO_INCREMENT,
  `call_name` varchar(255) NOT NULL,
  `registered_name` varchar(255) DEFAULT NULL,
  `sex` int(100) unsigned NOT NULL DEFAULT '44',
  `color` varchar(255) DEFAULT NULL,
  `phenotype` varchar(255) DEFAULT NULL,
  `breeding_status` int(100) unsigned DEFAULT NULL,
  `grade` int(100) unsigned DEFAULT NULL,
  `leg_type` int(100) unsigned DEFAULT NULL,
  `owner` int(100) unsigned NOT NULL DEFAULT '44',
  `breeder` int(100) unsigned DEFAULT '44',
  `hexer` int(100) unsigned DEFAULT '44',
  `speed` int(5) DEFAULT NULL,
  `staying` int(5) DEFAULT NULL,
  `stamina` int(5) DEFAULT NULL,
  `breaking` int(5) DEFAULT NULL,
  `power` int(5) DEFAULT NULL,
  `feel` int(5) DEFAULT NULL,
  `fierce` int(5) DEFAULT NULL,
  `tenacity` int(5) DEFAULT NULL,
  `courage` int(5) DEFAULT NULL,
  `response` int(5) DEFAULT NULL,
  `pos_ability_1` int(100) unsigned DEFAULT '44',
  `pos_ability_2` int(100) unsigned DEFAULT '44',
  `neg_ability_1` int(100) unsigned DEFAULT '44',
  `distance_min` decimal(8,1) DEFAULT NULL,
  `distance_max` decimal(8,1) DEFAULT NULL,
  `surface_dirt` int(100) unsigned DEFAULT '44',
  `surface_turf` int(100) unsigned DEFAULT '44',
  `bandages` int(100) unsigned DEFAULT '44',
  `neck_height` int(100) unsigned DEFAULT '44',
  `run_style` int(100) unsigned DEFAULT '44',
  `hood` int(100) unsigned DEFAULT '44',
  `shadow_roll` int(100) unsigned DEFAULT '44',
  `notes` longtext,
  `stall_path` varchar(255) DEFAULT NULL,
  `stall_img` varchar(255) DEFAULT NULL,
  `racing_img` varchar(255) DEFAULT NULL,
  PRIMARY KEY (`id`),
  KEY `horses_sex_foreign` (`sex`),
  KEY `horses_grade_foreign` (`grade`),
  KEY `horses_leg_type_foreign` (`leg_type`),
  KEY `horses_owner_foreign` (`owner`),
  KEY `horses_breeder_foreign` (`breeder`),
  KEY `horses_hexer_foreign` (`hexer`),
  KEY `horses_pos_ability_1_foreign` (`pos_ability_1`),
  KEY `horses_pos_ability_2_foreign` (`pos_ability_2`),
  KEY `horses_neg_ability_1_foreign` (`neg_ability_1`),
  KEY `horses_surface_dirt_foreign` (`surface_dirt`),
  KEY `horses_surface_turf_foreign` (`surface_turf`),
  KEY `horses_bandages_foreign` (`bandages`),
  KEY `horses_neck_height_foreign` (`neck_height`),
  KEY `horses_run_style_foreign` (`run_style`),
  KEY `horses_hood_foreign` (`hood`),
  KEY `horses_shadow_roll_foreign` (`shadow_roll`),
  KEY `breeding_status` (`breeding_status`)
) ENGINE=InnoDB  DEFAULT CHARSET=latin1 AUTO_INCREMENT=151 ;

--
-- Dumping data for table `horses`
--

INSERT INTO `horses` (`id`, `call_name`, `registered_name`, `sex`, `color`, `phenotype`, `breeding_status`, `grade`, `leg_type`, `owner`, `breeder`, `hexer`, `speed`, `staying`, `stamina`, `breaking`, `power`, `feel`, `fierce`, `tenacity`, `courage`, `response`, `pos_ability_1`, `pos_ability_2`, `neg_ability_1`, `distance_min`, `distance_max`, `surface_dirt`, `surface_turf`, `bandages`, `neck_height`, `run_style`, `hood`, `shadow_roll`, `notes`, `stall_path`, `stall_img`, `racing_img`) VALUES
(1, 'Riparian', 'Lessons Learned', 10, 'Black', 'EE', 45, 4, 7, 1, 2, 2, 87, 76, 85, 72, 77, 71, 75, 71, 75, 77, 11, 25, 34, 8.0, 12.0, 13, 13, 22, 15, 17, 23, 26, '', '', '/img/stall-pics/Riparian.png', 'http://shashka-idirae.rhcloud.com/img/racing-form/riparian.png'),
(2, 'American Pharoah', 'Divine Right', 10, 'Bay', 'EeAa', 45, 3, 7, 1, 44, 3, 78, 76, 77, 73, 73, 74, 72, 75, 75, 73, 25, 16, 6, 8.0, 12.0, 14, 12, 19, 15, 17, 24, 26, 'ATTENTION: Neco is handling as of 28Feb16. Racing form not guaranteed be current until handling period is over.', '', '/img/stall-pics/American-Pharoah.png', 'http://shashka-idirae.rhcloud.com/img/racing-form/american-pharoah.png'),
(3, 'Sovenance', 'A Kinder Reminiscence', 11, 'Bay', 'EeAA', 45, 3, 5, 1, 2, 2, 76, 72, 80, 70, 72, 68, 73, 66, 67, 73, 4, 32, 28, 8.0, 12.0, 14, 12, 19, 15, 17, 24, 26, 'Entered Races      \r\n\r\n1st\r\nSun and Stars Handicap- 9F - Turf- 1st, +5 Breaking\r\nRGS Labyrinth Stakes 10f Dirt- Open Level - 1st, +5 Power\r\nSupercell Handicap - 9.5F Dirt Open Level - 1st, +5 Breaking\r\nFaint At Heart Handicap - 12F Dirt GIII - 1st, +5 Response     \r\n\r\n2nd\r\nDanse Russe Stakes - 12F Dirt GIII - 2nd, +4 Fierce\r\nBelmont Stakes - 12F Dirt - All Levels - 2nd, +6 Stamina     \r\n\r\n3rd\r\nGazelle Stakes - 9F Dirt Kentucky Oaks Prep - 3rd, +3 Stamina\r\nPimlico Special - 9.5F Dirt GIII - 3rd, +3 Staying\r\nAffirmed Handicap - 10F Dirt GIII - 3rd, +3 Power     \r\n\r\n4th\r\nApril 2 Maiden Special Weight - 9F - Dirt - 4th, +2 Speed\r\nBlood Horse Handicap - 9F Dirt Open Level - 4th, +2 Power\r\nBlood Horse Handicap - 9F Dirt Open Level - 4th, +2 Power\r\nCounting Stars Handicap - 12F Turf Open Level - 4th, +2 Staying\r\nFunny Bone Handicap - 9F Dirt GIII - 4th, +2 Staying\r\nCigar Handicap - 10F Dirt BC - 6th, +1 Response\r\nBoardwalk Distaff Stakes - 8F Dirt GIII - 4th, +2 Feel\r\nMad House Handicap - 10F Dirt GII - 4th, +2 Courage\r\nAlphabet Soup Stakes - 11.5F Dirt GIII - 4th, +2 Courage\r\nShadowrun Handicap - 10.5F Dirt GIII -4th +2 Courage     \r\n\r\n5th\r\nApril 7 - 8f Turf - Open Level -5th, +1 Stamina\r\nMockingbird Handicap - 5th, +1 Fierce\r\nWhitechapel Handicap - 11.5F Dirt GIII - 5th, +1 Stamina\r\nBlack-Eyed Susan Stakes - 9F Dirt - Fillies - 5th, +3 Speed\r\nAcorn Stakes - 8F All Level Fillies - 5th, +3 Power\r\nTiznow Handicap - 9F Dirt BC - 5th, +1 Fierce\r\nSpectacular Bid Stakes - 10F Dirt BC - 5th, +1 Courage\r\nSpeed Demon Stakes - 9F Dirt GIII - 5th, +1 Breaking\r\nGame On Dude Handicap - 9F Dirt GIII - 5th, +1 Feel     \r\nA Thief&#039;s End Handicap - 9F Dirt GII, 5th, +1 Tenacity\r\n\r\nOther/Not Completed\r\nLord of Misrule Stakes - 11F Turf Open Level - 10th, +1 Power\r\nApr. 7th Allowance, 3 or less wins - 12f Dirt - 12th, +1 Fierce\r\nWood Memorial - 9F Dirt Kentucky Derby Prep - 6th, +1 Tenacity\r\nNo Way Out Handicap - 10.5F Dirt GIII - 6th, +1 Courage\r\nKentucky Oaks - 9F Dirt RESTRICTED - 12th, +1 Speed, +1 Breaking\r\nSummer Syllables Stakes - 9F Turf GIII - 12th, 1+ Stamina\r\nPreakness Stakes - 9.5F Dirt - All Levels - 8th, +1 Stamina, +1 Feel\r\nMiracle Mile Stakes - 8F Turf GIII -11th, +1 Courage\r\nEmpire State Handicap - 9F Dirt GIII - 8th, +1 Courage\r\nBelmont Gold Cup - 12F Turf GIII - 9th, +1 Speed\r\nMammoth Handicap 12F Turf GIII - 8th, +1 Breaking\r\nWinsome Handicap - 8f Dirt GIII - 9th, +1 Tenacity\r\nWhirlwind Tour Handicap - 9F Dirt GIII - 8th, +1 Response\r\nSweet Amber Stakes - 10F Dirt GII - 6ht, +2 Tenacity\r\nEvergleam Stakes - 8F Turf GIII - 8th, +1 Feel\r\nParanormal Party Handicap - 10.5F Dirt GIII - 6th, +1 Feel\r\nLead Me Home Stakes - 11F Turf GIII - 8th, +1 Feel\r\nStars and Stripes Handicap - 8F Turf GIII - 7th, +1 Courage\r\n[World Tour UAE] Dubai Classic - 10F Dirt GIII - 8th, +1 Response\r\n[World Tour UAE] Sheema Classic - 12F Turf GIII - 11th, +1 Response\r\nPersonal Ensign Memorial Stakes 9F Dirt - 8th, +1 Speed\r\nShergar Memorial Stakes - 11F Turf BC - 14th, +1 Tenacity\r\nBusher Handicap - 9.5F Dirt BC - 7th, +1 Response\r\nLady&#039;s Secret Stakes - 9F Dirt Fillies BC - 9th, +1 Power\r\nGo For Wand Memorial Handicap - 8.5F Dirt BC - 8th, +1 Fierce\r\nJack Be Nimble Handicap - 12F Dirt GIII - 4th, +2 Tenacity\r\nLeft Behind Stakes - 10F Dirt GIII - 9th, +1 Stamina\r\nCorinthian Stakes - 8F Dirt BC - 11th, +1 Fierce\r\nSort It Out Handicap - 12F Turf GIII - 9th, +1 Feel\r\nCoaltown Handicap - 8F Dirt BC - 6th, +1 Feel\r\nMacho Uno Stakes - 8.5F Dirt GII - 8th, +1 Fierce\r\nTick Tock Handicap - 9F Dirt GIII - 6th, +1 Feel\r\nBlaze of Glory Stakes - 10F Dirt GIII - 6th, +1 Stamina\r\nLoveburn Handicap - 8F Dirt GII - 6th, +1 Feel\r\nBreeders&#039; Cup Distaff - 9F Dirt - 13th, +1 Breaking, +1 Courage\r\nBreeders&#039; Cup Classic - 10F Dirt - 7th, +1 Stamina, +1 Feel\r\nBreeders&#039; Cup Dirt Mile - 8F Dirt  -11th, +1 Staying, +1 Breaking\r\nVolcanic Stakes - 9F Dirt GII - 7th, +1 Tenacity\r\nTogether Forward Handicap - 9F Dirt GII - 6th, +1 Tenacity\r\n###\r\nAnansi Boys Stakes - 8F Dirt GII ONLY - 4th\r\nSmall Favour Stakes - 9F Dirt GII ONLY', '', '/img/stall-pics/Sovenance.png', 'http://shashka-idirae.rhcloud.com/img/racing-form/sovenance.png'),
(4, 'Trickery', 'Beneath Still Waters', 10, 'Bay', 'EeAA', 46, 1, 5, 1, 4, 4, 67, 59, 71, 62, 60, 61, 62, 62, 58, 60, 32, 15, 34, 7.0, 10.0, 13, 13, 19, 15, 17, 24, 26, 'Anywhere Stakes-8f-Turf-OL - 9th\r\nBlue Foot Stakes 9f TF OL - 8th\r\nApril 14 NW x 2/Optional Claiming - 9F Turf AOC - 8\r\nBewitched Handicap - 8F Dirt OL - 8th\r\nSunland Handicap - 9.5F Dirt OL - 5th', '', '/img/stall-pics/Trickery.png', 'http://shashka-idirae.rhcloud.com/img/racing-form/trickery.png'),
(13, 'Ziio', 'Kaniehtí:io', 11, 'Grey Buckskin', '', 46, 2, 6, 4, 2, 2, 66, 66, 55, 60, 55, 55, 55, 55, 61, 62, 10, 30, 5, 6.0, 10.0, 13, 13, 20, 15, 17, 23, 26, '', 'Http://seeingstars.boards.net/thread/2009', '', ''),
(19, 'Antebellum', 'Southern Belle', 11, '', '', 45, 3, 8, 1, 2, 2, 80, 71, 73, 70, 72, 71, 70, 72, 74, 75, 32, 22, 14, 8.0, 12.0, 13, 13, 19, 15, 17, 23, 26, 'ATTENTION: Neco is handling as of 28Feb16. Racing form not guaranteed be current until handling period is over.\r\n\r\nBlueBird Handicap 12F Turf - 1st, +5 Power    \r\nGentildonna Handicap - 10F Turf BC - 7th, +1 Stamina', '', '/img/stall-pics/Antebellum.png', 'http://shashka-idirae.rhcloud.com/img/racing-form/antebellum.png'),
(20, 'Manu', 'Pouring Smoke and Rain', 10, 'Chestnut', '', 45, 3, 7, 1, 1, 1, 81, 69, 82, 68, 69, 65, 69, 64, 66, 67, 25, 11, 13, 6.0, 10.0, 13, 13, 19, 16, 18, 23, 26, 'Entered      \r\n2nd\r\nSomething Wicked Stakes - 7F Turf GIII - 2nd +4 Power\r\n\r\n3rd\r\nNov 20 Maiden Special Weight, 7 Furlongs Dirt - Open Level Maidens 3rd, 3 pts to Speed\r\nNon Winners of 3 Nov 20 Allowance, 8 Furlongs Dirt - Open Level 3rd, 3 pts to Stamina\r\nSweeps Sprint Stakes, 7 Furlongs Dirt - Open Level 3rd, 3 pts to Speed\r\nFounding Fathers Handicap, 10 Furlongs Dirt - Open Level 3rd, 3 pts to Stamina\r\nTurkey Day Sprint Stakes, 6 Furlongs Turf - Open Level 3rd, 3 pts to Stamina\r\nSnowed In Stakes, 7 Furlongs Dirt - Open Level 3rd, 3 pts to Speed.\r\nFlash Flood Handicap - 10F Turf Grade III - 3rd, +3 Courage\r\n\r\n4th\r\nJolly Roger Handicap, 9 Furlongs Turf - Open Level 4th, 2 pts to Stamina\r\nFire and Ice Handicap, 12.5 Furlongs Turf - Grade III 4th, 2 pts to Breaking\r\nSnow Way Sprint Stakes, 7 Furlongs Turf - Grade III 4th, +2 Fierce\r\nSore Loser Handicap, 10 Furlongs Dirt - Grade II 4th, 2 pts to Tenacity\r\nLoveburn Handicap - 8F Dirt GII - 4th, +2 Staying     \r\n\r\n5th\r\nNoisome Sprint Stakes, 6 Furlongs Dirt - Grade III 5th, 1 pt to Staying\r\nNew Year Bash Handicap, 9 Furlongs Turf - Grade III 5th, 1 pt to Stamina\r\nFollow The Leader Stakes, 11 Furlongs Turf - Grade III 5th, 1 pt to Courage\r\nIce and Snow Marathon Stakes, 15 Furlongs Turf - Grade III 5th, +1 Speed\r\nWinds of Winter Stakes, 10 Furlongs Dirt - Grade III 5th, 1 pt to Stamina\r\nOldivai Ridge Stakes - 7F - Dirt - GII - 5th, +1 Breaking\r\nThunder Shocks Sprint Stakes - 6F Dirt Grade III - 5th, +1 Breaking\r\nSights &amp; Sounds Stakes - 6F Turf GIII - 5th, +1 Response\r\nFurlong Showdown Sprint Stakes - 6F Dirt GIII - 5th, +1 Response\r\nMay Sweeps Sprint Stakes - 6F Dirt GIII - 5th, +1 Speed\r\nAfleet Express Stakes - 8F Dirt GII - 5th, +1 Staying\r\n\r\nOther/Not Completed\r\nRebel Stakes, 8.5F Dirt - Kentucky Derby Prep! 5th, +1 Speed\r\nBlack Hills Handicap, 15 Furlongs Turf - Grade III 6th, 1 pt for response and 1 pt for power.\r\nHoliday Rumble Stakes, 12 Furlongs Turf - Open Level 8th, 1 point Stamina + 1 pt Breaking\r\nGold on the Ceiling Handicap, 12 Furlongs Turf - Grade III 7th, 1 pt for staying and 1 pt for fierce.\r\nKitten&#039;s Joy Stakes, 12 Furlongs Turf - Grade II 7th, 1 pt for tenacity and 1 pt for fierce.\r\nLong and Short Of It Stakes, 8 Furlongs Dirt - Grade III 6th, 1 pt for fierce and 1 pt for tenacity.\r\n####\r\nKingfisher Run 7f TF GII only\r\nAnansi Boys Stakes - 8F Dirt GII ONLY - 3rd\r\nSmall Favour Stakes - 9F Dirt GII ONLY', '', '/img/stall-pics/Manu.png', 'http://shashka-idirae.rhcloud.com/img/racing-form/manu.png'),
(21, 'Savarni', 'Without the Sun', 10, 'Gray', '', 45, 2, 8, 1, 1, 1, 75, 62, 74, 64, 67, 62, 67, 64, 69, 65, 32, 25, 13, 5.0, 9.0, 13, 13, 19, 15, 17, 23, 26, 'Entered      \r\n1st        \r\n May 24 Maiden Special Weight - 7F Turf OL - 1st, +5 Power         \r\nDead Man&#039;s Sprint Stakes - 7F Turf GIII - 1st, +5 Breaking\r\n2nd         ...\r\n3rd         \r\nMay 18 Maiden Special Weight - 8F Dirt OL - 3rd, +3 Speed         \r\nMay 7 Maiden Special Weight 70 and under, 8f turf - 3rd, +3 Stamina\r\n\r\n4th         \r\nMay 24 NW x 3/Optional Claiming - 9F Turf OL - 4th, +2 Breaking        \r\n[World Tour: Canada] WOODBINE RACETRACK 8F Dirt OPEN - 4th, +2 Stamina\r\nMiesque Memorial Stakes - 8F Turf - 4th, +2 Fierce         \r\nChamberlain Bridge Handicap - 6F Turf BC - 4th, +2 Breaking     \r\n\r\n5th         \r\nStar Crossed Stakes - 6F Dirt GIII - 5th, +1 Staying        \r\nPhalaris Stakes - 7F Turf BC - 5th, +1 Tenacity         \r\nDa Hoss Handicap - 7.5F Turf BC - 5th, +1 Fierce         \r\nAcoustic Handicap - 6F Turf GIII - 5th, +1 Staying     \r\n\r\nOther/Not Completed         \r\nMay 5 Maiden Special Weight - 9F Turf Open Level - 7th, +1 Speed         \r\nDerby Hangover Sprint Stakes - 6F Dirt OL - 6th, +1 Staying        \r\nMay 18 NW x 2 / Optional Claiming - 9F Turf AOC - 6th, +1 Feel         \r\nMay 20 Maiden Special Weight - 9F Turf OL - 6th, +1 Fierce         \r\nThunderstruck Handicap - 7F Turf Open Level - 10th, +1 Tenacity         \r\nWarbler Handicap 9F Dirt - 10th, +1 Speed         \r\nMay Sweeps Sprint Stakes - 6F Dirt GIII - 6th, +1 Feel         \r\nMiracle Mile Stakes - 8F Turf GIII - 7th, +1 Courage         \r\nNunavut Stakes 9F Turf - 7th, +1 Feel         \r\nEmpire State Handicap - 9F Dirt GIII - 14th, +1 Courage         \r\nSurf and Turf Stakes - 6F Turf GIII - 7th, +1 Courage         \r\nWinsome Handicap - 8f Dirt GIII - 8th, +1 Tenacity        \r\nEasy Going Stakes - 6F Dirt GIII - 12th, +1 Fierce         \r\nFunny Bone Handicap - 9F Dirt GIII - 13th, +1 Tenacity        \r\nRound The Bend Stakes - 9F Turf GIII - 10th, +1 Response         \r\nHaunted Hullabaloo Handicap - 7F Dirt GIII - 13th, +1 Speed         \r\nDr. Fager Memorial Stakes - 7F Dirt BC - 9th, +1 Speed         \r\nBold Ruler Handicap - 6F Dirt BC - 8th, +1 Feel         \r\nPrecisionist Handicap - 6F Dirt GIII - 7th, +1 Courage         \r\nGulch Handicap - 7F Dirt BC - 10th, +1 Courage Tenacity         \r\nForego Stakes - 7F Dirt BC - 14th, +1 Response         \r\nDanehill Memorial Stakes - 7F Turf BC - 9th, +1 Feel         \r\nSix Step Sprint Stakes - 6F Dirt GIII - 8th, +1 Tenacity        \r\nHeart On Your Sleeve Stakes - 7.5F Turf GIII - 9th, +1 Fierce         \r\nCalifornia Flag Handicap - 6F Turf B - 6th, +1 Fierce        \r\nShackleford Handicap - 8F Dirt BC - 7th, +1 Courage         \r\nDo or Do Not Handicap - 9F Turf GIII - 7th, +1 Response         \r\nCome What May Stakes - 6F Dirt GIII - 8th, +1 Fierce        \r\nStars Align Sprint Stakes - 7F Turf GIII - 7th, +1 Stamina         \r\nHeart and Soul Stakes - 9F Turf GIII - 7th, +1 Stamina        \r\n Let Me In Handicap - 7F Dirt GIII - 6th, +1 Feel         \r\nSharp as Knives Stakes - 9.5F Dirt GIII - 8th, +1 Fierce         \r\nHurricane Hustle Handicap - 7F Turf GIII - 7th, +1 Feel         \r\nQuick Brown Fox Stakes - 6F Dirt GIII - 6th, +1 Fierce         \r\nReal Quiet Stakes - 7F Dirt GIII - 8th, +1 Staying         \r\nTiki Tavi Stakes - 6F Dirt GIII - 7th, +1 Response         \r\nBreeders&#039; Cup Turf Sprint - 7F Turf - 8th, +1 Courage, +1 Fierce        \r\n Fall Handicap Classic - 8.5F Dirt GIII - 8th, +1 Response         \r\nGold Rush Stakes - 7F Turf GIII ONLY - 7th, +1 Speed\r\n########\r\nThunder Kiss Handicap - 8F Dirt GIII ONLY - 10th\r\nKaptain Khaos Handicap - 9F Turf GIII ONLY - 2nd\r\nAmerican Gods Handicap - 9F Dirt GIII ONLY - 8th\r\nStorm Front Stakes - 8F Dirt GIII ONLY', '', '/img/stall-pics/Savarni.png', 'http://shashka-idirae.rhcloud.com/img/racing-form/savarni.png'),
(23, 'Longevity', 'Love the Quiet Life', 10, '', '', 46, 1, 6, 1, 21, 21, 70, 63, 60, 59, 60, 60, 59, 60, 59, 62, 36, 15, 28, 10.0, 14.0, 14, 12, 19, 16, 18, 23, 26, 'Steffler Trophy Maiden Run 10.5f DT OL - 2nd\r\nShiver and Shake Stakes - 10F Dirt OL - 8th\r\nFearless Fight Maiden 10f TF OL - 2nd', '', '/img/stall-pics/Longevity.png', 'http://shashka-idirae.rhcloud.com/img/racing-form/longevity.png'),
(24, 'Leise', 'Always the Quiet Ones', 11, '', '', 45, 2, 5, 1, 44, 13, 69, 66, 67, 63, 65, 61, 62, 61, 62, 63, 22, 30, 37, 12.0, 16.0, 13, 13, 19, 15, 17, 23, 26, 'Entered Races:          \r\n1st\r\n...\r\n2nd\r\n[World Tour Ireland] Kildare Handicap - 12F Turf OL - 2nd, +4 Staying\r\n\r\n3rd\r\nJohnny Boy Stakes 12F Dt - 3rd, +3 Feel\r\nWilliamstown Stakes - 13F Turf GIII - 3rd, +3 Breaking         \r\n\r\n4th\r\nNo Turning Back Handicap - 12F Turf Open Level - 4th, +2 Staying\r\n[WT Canada] Breeders&#039; Stakes - 12F Turf OL - 4th, +2 Stamina\r\nSavannah Handicap 15F Tf - 4th, +2 Stamina\r\n\r\n5th\r\nSeeing Stars Gold Cup - 15F Turf OL - 5th, +1 Speed\r\nSyrian Handicap 12F Turf - 5th, +1 Tenacity\r\nJurassic World Stakes 12F Turf - 5th, +1 Speed\r\nLos Santos Stakes 15F Turf - 5th, +1 Courage\r\nLong Way From Home Stakes - 15F Turf GIII - 5th, +1 Tenacity\r\n\r\nOther/Not Completed\r\nThe Beast Below Handicap - 12F Dirt Open Level - 8th, +1 Stamina\r\nThe Tin Man Handicap - 12F Turf Open Level - 12th, +1 Courage\r\nAtelier Dreams Stakes - 15F Turf Open Level - 6th, +1 Speed\r\n[World Tour: Canada] Final Burst Handicap 16F Turf - 6th, +2 Fierce\r\n[World Tour: Canada] Tim Horton Stakes 12F Turf - 7th, +1 Breaking\r\nRKO Haven Summer Start Marathon, 16f turf OL - 7th, +1 Power\r\nHorse and Sword Handicap - 15F Turf GIII - 7th, +1 Courage\r\nHeart In Stone Handicap - 15F Turf GIII - 8th, +1 Courage\r\nRound Table Memorial Stakes - 13F Turf BC - 11th, +1 Response\r\nSadlers Wells Handicap - 15F Turf BC - 7th, +1 Speed\r\nNow You Know Handicap - 15F Turf GIII - 6th, +1 Stamina\r\n####\r\nCity of Bones Handicap-15f-Turf-GIII', '', '/img/stall-pics/Leise.png', 'http://shashka-idirae.rhcloud.com/img/racing-form/leise.png'),
(25, 'Zippa', 'Buzzin&#039; By', 11, 'Bay', '', 45, 2, 6, 1, 44, 2, 73, 68, 69, 60, 67, 61, 61, 58, 60, 63, 15, 12, 37, 7.5, 9.5, 13, 13, 19, 15, 17, 24, 25, 'Entered Races      \r\n1st\r\n...\r\n\r\n2nd\r\nApril 17 Maiden Special Weight - 9F Turf OL - 2nd, +4 Speed\r\nRGS Rainy Days Maiden 8F Dirt - 2nd, +4 Staying\r\nMay 5 Maiden Special Weight - 9F Turf Open Level - 2nd, +4 Breaking\r\nWarbler Handicap 9F Dirt - 2nd, +4 Staying\r\n[World Tour: Canada] WOODBINE RACETRACK 8F Dirt OPEN - 2nd, +4 Power\r\n\r\n3rd\r\nMay 3 NW x 2 / Optional Claiming - 7F Dirt AOC - 3rd, +3 Staying\r\nMay 18 NW x 2 / Optional Claiming - 9F Turf AOC - 3rd, +3 Fierce     \r\n\r\n4th\r\nApril 6 Maiden Special Weight - 8F Dirt OL - 4th, +2 Speed\r\nApril 6 NW x 3 / Optional Claimer - 8F Turf AOC - 4th, +2 Stamina\r\nWhirlwind Tour Handicap - 9F Dirt GIII - 4th, +2 Stamina\r\n\r\n5th\r\nSupercell Handicap - 9.5F Dirt Open Level - 5th, +1 Speed\r\nMay 24 Maiden Special Weight - 7F Turf OL - 5th, +1 Stamina\r\nThunderstruck Handicap - 7F Turf Open Level - 5th, +1 Stamina\r\n\r\nOther/Not Completed\r\nSnowed In Stakes - Completed!, 7 Furlongs Dirt - 9th\r\nNon Winners of 3 Dec 12 Allowance - 9 Furlongs Turf - Open Level - 13th\r\nAtlantic City Derby - 10 Furlongs Dirt - Open Level - 12th\r\nTurf Paradise Sprint Stakes - Completed!, 6 Furlongs Turf - Open Level - 10th\r\nDec 30 Maiden Special Weight - 8th\r\nNon Winners of 3 Dec 30 Allowance - 12th\r\nMudders&#039; Delight Sprint Stakes - 6 Furlongs Dirt - Open Level - 6th\r\nWinter Is Here Handicap - 11 Furlongs Turf - Open Level - 10th\r\nStorm&#039;s A&#039; Coming Stakes - 9.5 Furlongs Dirt - Open Level - 11th\r\nHard To Catch Handicap - 7 Furlongs Turf - Open Level - 10th\r\nSilverbulletday Stakes - 8F Dirt - Kentucky Oaks Prep! (Fillies!) - 13th\r\nSanta Anita Derby - 9F Dirt Kentucky Derby Prep - 8th\r\nAshland Stakes - 8.5F Dirt - Kentucky Oaks Prep - 8th\r\nFirst Steps Stakes - 7.5F Turf Open Leve - 7th, +1 Stamina\r\nBlood Horse Handicap - 9F Dirt Open Level - 13th, +1 Response\r\nApril 6 NW x 2 / Optional Claimer - 9F Dirt AOC - 12th, +1 Courage\r\nUncharted Sprint Stakes - 7F Turf Open Level - 9th, +1 Speed\r\nShake It Off Stakes - 9F Turf Open Level - 10th, +1 Response\r\nCollege Royal Stakes 9F Turf - 12th, +1 Speed\r\nRKO Haven Derby Fun - Maiden level 8f turf - 7th, +1 Courage\r\nMay 18 Maiden Special Weight - 8F Dirt OL - 7th, +1 Fierce\r\nMay 20 Maiden Special Weight - 9F Turf OL - 7th +1 Fierce\r\nMay 24 NW x 3/Optional Claiming - 9F Turf OL - 11th, +1 Stamina\r\nJuly 24 Maiden Special Weight - 8F Turf MSW - 6th, +1 Fierce\r\n####\r\nApril 25 Under 75 Allowance-8.5f-Dirt-GIII - 6th\r\nApril 14 NW x 2/Optional Claiming - 9F Turf AOC - 3rd\r\nMay 1 Under 75 Allowance-9f-Dirt-GIII', '', '/img/stall-pics/Zippa.png', 'http://shashka-idirae.rhcloud.com/img/racing-form/zippa.png'),
(26, 'Capricious', 'Flirt', 11, 'Gray', '', 45, 4, 8, 1, 44, 6, 87, 73, 80, 73, 80, 71, 71, 72, 72, 72, 36, 32, 5, 5.0, 8.0, 13, 13, 20, 16, 17, 23, 26, 'Entered Races\r\n1st\r\nDec 30 Maiden Special Weight, 10 Furlongs Turf - Open Level 1st, 5 pts to Speed\r\nSunrise Filly Stakes - 8F Turf GIII Fillies - 1st, +5 Power\r\n\r\n2nd\r\nSnowed In Stakes, 7 Furlongs Dirt - Open Level 2nd, 4 pts to Stamina.\r\nJan 6 MSW (Turf)\r\nOut of Control Stakes\r\nAll or Nothing Stakes - 6F Dirt GIII - 2nd, +4 Staying\r\nChamberlain Bridge Handicap - 6F Turf BC - 2nd, +4 Breaking\r\n\r\n3rd\r\nOptimus Prime Sprint Stakes\r\nPumpkin Pie Sprint Stakes\r\nFame and Fortune MSW\r\nSit This Out MSW\r\nSurf and Turf Stakes - 6F Turf GIII - 3rd, +3 Fierce\r\nPhalaris Stakes - 7F Turf BC - 3rd, +3 Feel\r\n\r\n4th\r\nRazzle Dazzle Stakes, 5 Furlongs Turf - Grade III 4th, 2 pts to Breaking\r\nSnow Flurry Stakes\r\nMay Sweeps Sprint Stakes - 6F Dirt GIII - 4th, +2 Staying\r\nSilverbulletday Stakes, 8F Dirt - Kentucky Oaks Prep! (Fillies!) 4th, +2 Speed\r\nTurf Paradise Sprint Stakes, 6 Furlongs Turf - Open Level 4th, 2 pts to Stamina\r\nNon Winners of 3 Dec 30 Allowance, 8 Furlongs Dirt - Open Level 4th, 1 pt to Speed\r\nSweeps Sprint Stakes, 7 Furlongs Dirt - Open Level 4th, 2 pts to Stamina\r\n\r\n5th\r\nPermafrost Handicap, 9 Furlongs Dirt - Grade III 5th, +1 stamina\r\nTurkey Day Sprint Stakes, 6 Furlongs Turf - Open Level 5th, 1 pt to Speed\r\nSnow Today Stakes\r\nEl Prado Stakes\r\nSensationa Stars Stakes\r\nWatch Me Go Stakes\r\nSomething Wicked Stakes - 7F Turf GIII - 5th +1 Response\r\nSpring Sweeps Spring Stakes - 6F Turf Grade III - 5th, +1 Response\r\nSix Step Sprint Stakes - 6F Dirt GIII - 5th, +1 Stamina\r\n\r\nOther/Not Completed\r\nHeart of the Storm Distaff, 8 Furlongs Dirt - Grade III Fillies 6th, 1 pt for tenacity and 1 pt for breaking\r\nIce and Snow Marathon Stakes, 15 Furlongs Turf - Grade III 6th, 1 pt for courage and 1 pt for staying.\r\nSnow Way Sprint Stakes, 7 Furlongs Turf - Grade III 6th, 1 pt for breaking and 1 pt for response.\r\nLong and Short Of It Stakes, 8 Furlongs Dirt - Grade III 7th, 1 pt for fierce and 1 pt for tenacity.\r\nBlack Hills Handicap, 15 Furlongs Turf - Grade III 8th, 1 pt for response and 1 pt for power.\r\nStars and Garters Stakes, 9 Furlongs Dirt - Grade III Fillies 6th, 1 pt for tenacity and 1 pt for stamina.\r\nSore Loser Handicap, 10 Furlongs Dirt - Grade II 6th, 1 pt for response and 1 pt for courage.\r\nFollow The Leader Stakes, 11 Furlongs Turf - Grade III 10th, 1 pt for staying and 1 pt for fierce.\r\nNoisome Sprint Stakes, 6 Furlongs Dirt - Grade III 8th, 1 pt for breaking and 1 pt for fierce.\r\nNew Year Bash Handicap, 9 Furlongs Turf - Grade III 11th, 1 pt for response and 1 pt for fierce.\r\nGold on the Ceiling Handicap, 12 Furlongs Turf - Grade III 8th, 1 pt for staying and 1 pt for fierce.\r\nFire and Ice Handicap, 12.5 Furlongs Turf - Grade III 6th, 1 pt for response and 1 pt for fierce.\r\nWinds of Winter Stakes, 10 Furlongs Dirt - Grade III 1 pt for staying and 1 pt for power.\r\nLost Lillies Handicap - 8 Furlongs Dirt Grade III Fillies 7th, +1 Tenacity\r\nLo and Behold Stakes - 12 Furlongs Turf Grade III 10th, +1 Response\r\nHearts A Fire Handicap - 9 Furlongs Dirt Grade III 6th, +1 Tenacity\r\nIn Mercy&#039;s Name Stakes - 7 Furlongs Dirt Grade III 6th, +1 Response\r\nSee Those Seas Stakes, 12.5 Furlongs Turf - Open Level 7th, 1 pt for courage and 1 pt for fierce.\r\nAtlantic City Derby, 10 Furlongs Dirt - Open Level 10th, 1 pt for stamina and 1 pt for feel\r\nNon Winners of 3 Dec 12 Allowance, 9 Furlongs Turf - Open Level 9th, 1 pt for speed and 1 pt for stamina.\r\nDivide and Conquer Stakes, 15 Furlongs Turf - Open Level 9th, 1 pt for speed and 1 pt for tenacity.\r\nLeaves of Fall Stakes, 15 Furlongs Turf - Open Level 7th, 1 pt to Staying + 1 pt to Response\r\nFounding Fathers Handicap, 10 Furlongs Dirt - Open Level 9th, 1 pt to Stamina + 1 pt to Power\r\nNon Winners of 3 Nov 20 Allowance, 8 Furlongs Dirt - Open Level 6th, 1 pt Stamina, 1 pt Response\r\nJimmy Winkfield Stakes\r\nStand Your Ground Stakes\r\nFurlong Showdown Sprint Stakes - 6F Dirt GIII - 7th, +1 Fierce\r\nThunder Shocks Sprint Stakes - 6F Dirt Grade III  - 6th, +1 Feel\r\nSights &amp; Sounds Stakes - 6F Turf GIII - 10th, +1 Speed\r\nAfleet Express Stakes - 8F Dirt GII - 7th, +1 Feel\r\nEasy Going Stakes - 6F Dirt GIII - 6th, +1 Fierce', '', '/img/stall-pics/Capricious.png', 'http://shashka-idirae.rhcloud.com/img/racing-form/capricious.png'),
(27, 'Winnie', 'Watch Me', 11, '', '', 45, 2, 8, 1, 44, 21, 68, 65, 66, 64, 68, 65, 67, 63, 62, 68, 9, 12, 34, 7.0, 11.0, 13, 13, 20, 15, 18, 24, 26, '3rd            \r\nJune 22 Maiden Special Weight - 8F Turf OL - 3rd, +3 Stamina             \r\nBelmont Shuffle Stakes - 9F Dirt OL - 3rd, +3 Response             \r\nDuke Record Stakes 10F Tf - 3rd, +3 Breaking             \r\n     \r\n4th            \r\nHeartspark Handicap - 7F Dirt OL - 4th, +2 Fierce\r\n\r\n5th             \r\nRKO Haven Summer Start Stakes 8f turf, 65 &amp;under - 5th, +1 Speed            \r\nWatercolor Stakes OL 8.5F Dirt - 5th, +1 Speed            \r\nJune 22 NW x 2/Optional Claiming - 8F Dirt AOC - 5th, +1 Staying             \r\nStorm Season Handicap - 9.5F Dirt OL - 5th, +1 Staying             \r\n\r\nOther/Not Completed          \r\nOne Step Stakes 8F Dirt - 11th, +1 Power             \r\nJune 4 Maiden Special Weight - 7F Dirt OL - 8th, +1 Tenacity             \r\nRKO Have Run for Fun Maiden Special Weight 11f dirt - 6th, +1 Breaking             \r\nChrysalis Stakes 10F Dirt - 9th, +1 Speed             \r\nChip Chap Chop Stakes - 7F Dirt OL - 7th, +1 Stamina             \r\nHard Not To Like Handicap - 8.5F Dirt OL - 7th, +1 Response            \r\nJune 29 Maiden Special Weight - 10F Dirt OL - 6th, +1 Fierce             \r\nJune 29 NW x 2/Optional Claiming - 9F Turf AOC - 11th, +1 Power             \r\nCanterbury Stakes - 7F Dirt OL - 7th, +1 Courage\r\n####\r\nApril 25 Under 75 Allowance-8.5f-Dirt-GIII - 3rd\r\nApril 14 NW x 2/Optional Claiming - 9F Turf AOC - 7th\r\nMay 1 Under 70 Allowance-10f-Turf-GIII\r\nStorm Front Stakes - 8F Dirt GIII ONLY', '', '/img/stall-pics/Winnie.png', 'http://shashka-idirae.rhcloud.com/img/racing-form/winnie.png'),
(28, 'Pollyanna', 'Paint a Smile', 11, 'Gray', 'AeGg', 45, 1, 6, 3, 3, 3, 60, 59, 57, 56, 59, 55, 61, 59, 62, 63, 15, 36, 37, 9.0, 14.0, 13, 13, 19, 15, 17, 23, 26, 'Sr: RKO Haven Polynesian 7-12f\r\nUnbreakable 7-12 x Black Polly 7-12f\r\nDm: RKO Haven Geisha 10-16f\r\nDiscovery 10-16f x Miyako 7-12f\r\n   \r\n[WT UAE] Dubai Racing Club Stakes - 9F Turf OL - 9th, +1 Stamina     \r\nHonor and Serve Handicap - 12F Turf OL - 11th, +1 Response    \r\n Storm Season Handicap - 9.5F Dirt OL - 7th, +1 Fierce', '', '/img/stall-pics/Pollyanna.png', 'http://i289.photobucket.com/albums/ll233/RKOpetz/Racers/pollyannaracea.png'),
(29, 'Nouvar', 'Bring on the Rain', 11, 'Gray', '', 45, 2, 6, 1, 44, 1, 73, 71, 72, 62, 70, 63, 68, 65, 63, 65, 35, 18, 14, 8.0, 12.0, 12, 14, 19, 15, 17, 23, 26, 'Other/Not Completed             \r\nBusher Handicap - 9.5F Dirt BC - 8th, +1 Response\r\n#####\r\nAppalachian Stakes 8F Turf GIII Fillies Only - 6th\r\nKaptain Khaos Handicap - 9F Turf GIII ONLY - 3rd\r\nApril 24 Under 75 Allowance - 8F Turf GIII ONLY - 3rd\r\nThis Is Gospel 9f TF GIII only - 1st\r\nWhite Night Handicap - 10F Turf GIII ONLY', '', '/img/stall-pics/Nouvar.png', 'http://shashka-idirae.rhcloud.com/img/racing-form/nouvar.png'),
(30, 'Illegal', 'That Can&#039;t Be Legal', 11, 'Black', '', 46, 1, 5, 1, 44, 1, 69, 63, 70, 58, 59, 61, 59, 61, 62, 60, 36, 10, 37, 11.0, 14.0, 12, 14, 19, 15, 17, 24, 25, '8th - Winter is Here Handicap   \r\n-----------   \r\n2013  \r\nOpen Level  \r\n\r\n3rd - Run Spritely Stakes  \r\n5th - Haunted Hooves Handicap   \r\n11th - Spring At Last Stakes \r\n\r\n-----------   \r\n2012   \r\nOpen Level  \r\n\r\n8th - Mist and Seas Handicap\r\n####\r\nCat Egg Stakes 12f TF OL - 3rd', '', '/img/stall-pics/Illegal.png', 'http://shashka-idirae.rhcloud.com/img/racing-form/illegal.png'),
(31, 'Ruffian', 'Let Me Run', 11, 'Black', 'EE/aa', 45, 3, 7, 2, 2, 2, 84, 75, 74, 75, 73, 72, 71, 75, 72, 75, 44, 44, 44, 7.0, 10.0, 14, 12, 21, 15, 17, 24, 25, '', 'http://seeingstars.boards.net/thread/448', '', ''),
(32, 'Seattle Slew', 'Rainy Day Blues', 10, 'Black', 'EE/aa', 46, 4, 7, 2, 2, 2, 88, 80, 79, 74, 73, 75, 75, 74, 80, 73, 25, 25, 37, 8.0, 12.0, 13, 13, 21, 15, 17, 24, 25, '2013 Kentucky Derby/Belmont Stakes/Breeders'' Cup Classic Winner', 'http://seeingstars.boards.net/thread/444', '', ''),
(33, 'Seabiscuit', 'Bring On The Biscuit', 10, 'Bay', 'EE/AA', 45, 4, 6, 2, 2, 2, 89, 76, 78, 75, 72, 73, 75, 73, 72, 72, 31, 31, 34, 8.0, 12.0, 14, 12, 21, 15, 17, 23, 25, '2012 Triple Crown Winner', 'http://seeingstars.boards.net/thread/445', '', ''),
(34, 'Zenyatta', 'Catch Me If You Can', 11, 'Dark Bay', 'EE/AA', 46, 4, 5, 2, 2, 2, 85, 81, 81, 75, 76, 75, 76, 74, 75, 76, 25, 25, 28, 8.0, 10.0, 14, 12, 22, 15, 17, 24, 26, '2014 Champion Older Mare', 'http://seeingstars.boards.net/thread/425', '', ''),
(39, 'Nico', '', 10, '', '', NULL, 44, 44, 20, 44, 44, 0, 0, 0, 0, 0, 0, 0, 0, 0, 0, 44, 44, 44, 0.0, 0.0, 44, 44, 44, 44, 44, 44, 44, '...', '', '', ''),
(40, 'Man O War', 'Legend Like Lightning', 10, 'Chestnut', 'ee/aa', 46, 4, 7, 2, 2, 2, 87, 77, 77, 72, 71, 71, 76, 74, 71, 75, 29, 29, 14, 8.0, 12.0, 13, 13, 22, 15, 17, 24, 25, '...', '', '', ''),
(53, 'Vintage', '', 10, 'Rose Grey', 'ee/Aa/GG', 45, 3, 5, 27, 44, 47, 78, 78, 75, 62, 70, 71, 70, 71, 70, 72, 4, 10, 28, 8.0, 13.0, 13, 13, 22, 15, 18, 24, 25, '', 'http://seeingstars.boards.net/thread/4161/ribbon-vintage-rose-gate-champagne', 'http://i298.photobucket.com/albums/mm262/jewellzc/Vintage.png', 'http://i298.photobucket.com/albums/mm262/jewellzc/VintageR.png'),
(54, 'Tipsy', '', 11, 'Grey Bay Sabino', 'Ee/AA/Gg/nSb', 46, 1, 6, 27, 27, 27, 69, 64, 67, 61, 61, 63, 60, 59, 60, 61, 10, 12, 28, 8.0, 11.0, 14, 12, 22, 15, 17, 24, 25, '', 'http://seeingstars.boards.net/thread/4975/tipsy-haubings-lightfooted', 'http://i298.photobucket.com/albums/mm262/jewellzc/Tipsy.png', 'http://i298.photobucket.com/albums/mm262/jewellzc/TipsyR.png'),
(55, 'Sass Street Wonder', '', 11, 'EE/Aa', 'Bay', 45, 2, 8, 21, 2, 2, 74, 67, 74, 64, 67, 64, 63, 65, 65, 65, 32, 12, 37, 8.0, 12.0, 13, 13, 19, 15, 17, 24, 26, '...', NULL, 'http://i1088.photobucket.com/albums/i329/Mockingbirdestates/Main%20Album2/sassstreetrace_zpsrjpcypdn.gif', ''),
(56, 'River Street', 'Better Bank On It', 10, 'Bay', 'EE/Aa', 45, 2, 8, 21, 21, 21, 71, 72, 69, 61, 64, 66, 64, 63, 63, 68, 18, 32, 34, 8.0, 12.0, 13, 13, 19, 15, 17, 23, 26, 'Entered      \r\n1st         ...\r\n\r\n2nd        \r\n June 22 Maiden Special Weight - 8F Turf OL - 2nd, +4 Stamina         \r\nBelmont Shuffle Stakes - 9F Dirt OL - 2nd, +4 Power         \r\nJuly 24 Maiden Special Weight - 8F Turf MSW - 2nd, +4 Fierce     \r\n\r\n3rd        \r\nRound The Bend Stakes - 9F Turf GIII - 3rd, +3 Power         \r\nSharp as Knives Stakes - 9.5F Dirt GIII - 3rd, +3 Speed    \r\n\r\n4th         \r\nJune 4 NW x 2/Optional Claiming - 9F Turf AOC - 4th, +2 Speed         \r\nDuke Record Stakes 10F Tf - 4th, +2 Speed         \r\nStars and Stripes Handicap - 8F Turf GIII - 4th, +2 Fierce         \r\nSeize The Day Handicap - 12F Turf GIII - 4th, +2 Fierce        \r\n Halloween Classic Stakes - 10F Dirt GIII - 4th, +2 Stamina     5th         Appealing Tale Handicap - 10F Turf GIII - 5th, +1 Feel         \r\nOld Friends Stakes - 8F Turf GIII - 5th, +1 Breaking     \r\n\r\nOther/Not Completed         \r\n[World Tour: Canada] Tim Horton Stakes 12F Turf - 12th, +1 Breaking         \r\nTree Top Stakes 8F Turf OPEN - 8th, +1 Response         \r\nPuzzlepiece Stakes 8f Dirt OL - 6th, +1 Staying        \r\n[World Tour Ireland] Kildare Handicap - 12F Turf OL - 10th, +1 Stamina         \r\nOne Step Stakes 8F Dirt - 7th, +1 Power        \r\nApple Pie Stakes 10F Turf - 6th, +1 Courage        \r\nSyrian Handicap 12F Turf - 6th, +1 Feel         \r\nRKO Have Run for Fun Maiden Special Weight 11f dirt - 10th, +1 Breaking         \r\nJurassic World Stakes 12F Turf - 5th, +1 Response         \r\nChrysalis Stakes 10F Dirt - 6th, +1 Speed         \r\nWatercolor Stakes OL 8.5F Dirt - 6th, +1 Tenacity        \r\nJohnny Boy Stakes 12F Dt - 8th, +1 Response         \r\nParanormal Party Handicap - 10.5F Dirt GIII - 7th, +1 Feel         \r\nLead Me Home Stakes - 11F Turf GIII - 7th, +1 Feel        \r\n[World Tour UAE] Dubai Classic - 10F Dirt GIII - 10th, +1 Response         \r\n[World Tour UAE] Sheema Classic - 12F Turf GIII - 7th, +1 Response         Affirmed Handicap - 10F Dirt GIII - 8th, +1 Staying         \r\nAbove and Below Handicap - 8F Turf GIII - 6th, +1 Speed         \r\nGame On Dude Handicap - 9F Dirt GIII - 9th, +1 Power         \r\nJack Be Nimble Handicap - 12F Dirt GIII - 10th, +1 Stamina         \r\nLeft Behind Stakes - 10F Dirt GIII - 12th, +1 Stamina        \r\nSort It Out Handicap - 12F Turf GIII - 8th, +1 Feel         \r\nDo or Do Not Handicap - 9F Turf GIII - 10th, +1 Response         \r\nSelf Destruct Handicap - 12F Turf GIII - 9th, +1 Response         \r\nTick Tock Handicap - 9F Dirt GIII - 8th, +1 Feel         \r\nMore Than Ready Handicap - 9F Turf GIII - 9th, +1 Response         \r\nAlphabet Soup Stakes - 11.5F Dirt GIII - 7th, +1 Tenacity         \r\nAlley Oop Stakes - 10F Turf GIII - 10th, +1 Feel         \r\nUnderground Handicap - 11F Turf GIII - 9th, +4 Courage         \r\nSwing & Sway Handicap - 9F Dirt GIII - 9th, +1 Feel', NULL, '/img/stall-pics/River-Street.png', 'http://shashka-idirae.rhcloud.com/img/racing-form/river-street.png'),
(57, 'Whimsy Red', '', 10, 'ee/Aa/Crcr', 'Palomino', 45, 2, 5, 21, 2, 2, 74, 63, 66, 63, 67, 64, 65, 65, 66, 63, 17, 36, 28, 6.0, 10.0, 13, 13, 20, 15, 17, 24, 26, '', 'http://seeingstars.boards.net/thread/4217', 'http://i1088.photobucket.com/albums/i329/Mockingbirdestates/Main%20Album2/petz225_zpsg3u0wutm.png', ''),
(58, 'Sourpuss', '', 10, 'EE/Aa/Ww', 'White', 45, 2, 7, 21, 21, 21, 66, 59, 66, 64, 66, 59, 61, 58, 56, 58, 8, 25, 5, 5.0, 9.0, 13, 13, 19, 15, 18, 23, 26, '', NULL, 'http://i1088.photobucket.com/albums/i329/Mockingbirdestates/Main%20Album2/petz211_zpsaseyj1si.png', ''),
(59, 'Absolut Chime', '', 10, 'EE/AA/Rnrn', 'Roan', 46, 1, 7, 21, 21, 21, 66, 63, 59, 63, 58, 59, 58, 63, 58, 58, 8, 31, 5, 5.0, 9.0, 13, 13, 21, 15, 17, 23, 26, '', NULL, 'http://i1088.photobucket.com/albums/i329/Mockingbirdestates/Main%20Album2/absolutchime_zpsxcya8onj.gif', ''),
(62, 'Eclipse', 'Hard Tack The Rest, Nowhere', 10, 'Chestnut', 'ee/aa', 45, 4, 7, 2, 2, 2, 86, 73, 78, 72, 74, 71, 74, 75, 72, 71, 11, 36, 34, 12.0, 16.0, 12, 14, 21, 15, 17, 24, 25, '2014 Champion Male Stayer\r\n\r\nWinner of the 2014 Breeders'' Cup Marathon', NULL, '', ''),
(63, 'Barbaro', 'Hard Tack My Guy', 10, 'Bay', 'EE/AA', 45, 4, 7, 2, 2, 2, 86, 74, 77, 74, 77, 72, 73, 74, 74, 73, 33, 8, 23, 8.0, 12.0, 13, 13, 22, 16, 17, 24, 26, 'Winner of the 2012 Breeders'' Cup Classic', NULL, '', ''),
(64, 'Learned Wonder', '', 10, 'EE', 'Black', 45, 2, 6, 21, 21, 21, 70, 62, 61, 63, 65, 60, 62, 60, 60, 65, 35, 10, 28, 8.0, 12.0, 13, 13, 19, 15, 18, 24, 26, '', NULL, 'http://i1088.photobucket.com/albums/i329/Mockingbirdestates/Main%20Album2/petz474_zps63bbzhme.png', ''),
(65, 'Thunderstruck', '', 11, 'Ee/Aa/Gg', 'Grey', 45, 2, 7, 21, 47, 47, 69, 62, 66, 62, 61, 61, 61, 63, 62, 61, 11, 29, 34, 6.0, 10.0, 13, 13, 21, 15, 17, 23, 26, '', NULL, 'http://i1088.photobucket.com/albums/i329/Mockingbirdestates/Main%20Album2/thunderstruck_zpsfjuscc6z.png', ''),
(66, 'Cancer', 'BlueJay Water Sign', 10, 'Buckskin', '', 46, 1, 7, 26, 21, 21, 62, 63, 62, 58, 63, 61, 59, 60, 61, 58, 11, 32, 34, 6.0, 9.0, 13, 13, 21, 15, 18, 24, 26, '', 'http://seeingstars.boards.net/thread/5801/bluejay-water-sign-thoroughbred-stallion', 'http://i1242.photobucket.com/albums/gg522/Dirnwod/Dekada/CancerRACING_zpspstbixjo.png', 'http://i1242.photobucket.com/albums/gg522/Dirnwod/Dekada/CancerRACING_zpspstbixjo.png'),
(67, 'Game', 'Game of Thrones', 10, 'Bay', '', 45, 2, 5, 26, 47, 47, 69, 67, 67, 61, 61, 62, 63, 62, 62, 62, 4, 22, 5, 6.0, 9.0, 13, 13, 19, 15, 18, 23, 26, '', 'http://seeingstars.boards.net/thread/4875/rgs-game-thrones-thoroughbred-stallion', 'http://i1242.photobucket.com/albums/gg522/Dirnwod/Dekada/GameRacing_zpsm4lwwwvh.png', 'http://i1242.photobucket.com/albums/gg522/Dirnwod/Dekada/GameRacing_zpsm4lwwwvh.png'),
(68, 'Wildie', 'Girl Gone Wild', 11, 'Chestnut frame overo', '', 46, 1, 6, 26, 2, 2, 70, 62, 64, 55, 61, 60, 60, 61, 60, 60, 32, 16, 37, 8.0, 12.0, 14, 12, 19, 15, 18, 23, 26, '', 'http://seeingstars.boards.net/thread/4853/ihch-hard-tacks-girl-thoroughbred', 'http://i1242.photobucket.com/albums/gg522/Dirnwod/Dekada/GirlGoneWildIH_zps1reqyapk.png', 'http://i1242.photobucket.com/albums/gg522/Dirnwod/Dekada/racing1_zpsv3hm7fgg.png'),
(69, 'Player', 'RKO Kats Fair Play', 10, 'Chestunt', 'AaEE', 45, 3, 7, 3, 3, 3, 77, 75, 71, 61, 72, 70, 78, 70, 71, 68, 31, 16, 13, 5.0, 9.0, 14, 12, 19, 16, 17, 23, 26, 'Thoroughbred Foundation Stallion', NULL, 'http://i289.photobucket.com/albums/ll233/RKOpetz/Racers/playerhomesmall.png', 'http://i289.photobucket.com/albums/ll233/RKOpetz/Racers/playerrider.png'),
(70, 'Annette K', 'RKO Kats Annette K', 11, 'Bay', 'AAEe', 45, 2, 7, 3, 3, 3, 70, 70, 68, 60, 71, 65, 70, 66, 71, 65, 16, 29, 5, 5.0, 9.0, 12, 14, 19, 15, 17, 23, 26, 'Offspring:\r\nRKO Haven Kats Brushup - Brushup 7-12f by RKO Haven Sweep 7-12f\r\nRKO Fair Master K - by RKO Kats Fair Play GIII 5-9f\r\nRKO Player Hater of Hard Tack - by RKO Kats Fair Play GIII 5-9f', NULL, 'http://i289.photobucket.com/albums/ll233/RKOpetz/Racers/annetta%20K%20home%20small.png', 'http://i289.photobucket.com/albums/ll233/RKOpetz/Racers/annettekrider.png'),
(71, 'Augustus', 'Caught me Red Handed', 10, 'Bay', '', 45, 2, 6, 13, 2, 2, 80, 72, 72, 59, 71, 63, 66, 65, 63, 65, 32, 15, 28, 8.0, 12.0, 14, 12, 21, 15, 17, 23, 25, '*Available with permission from Neco*\r\n2nd Gen\r\nSire: Secretariat\r\nDam: Zenyatta', NULL, 'http://i1203.photobucket.com/albums/bb385/Hallowish/Horses/Augustus-In-hand_zpsexjaktus.png', 'http://i1203.photobucket.com/albums/bb385/Hallowish/Horse%20Racing/Augustus-Racing_zps4qugxa5p.png'),
(72, 'Mahubah', 'RKO Kats Mahubah', 11, 'Chestunt', 'aaEE', 45, 3, 7, 3, 3, 3, 80, 77, 79, 65, 79, 68, 71, 77, 79, 70, 29, 16, 5, 10.0, 16.0, 13, 13, 19, 15, 18, 23, 26, 'Offspring:\r\n RKO Kats Man O War - Warrior 7-12f by RKO Kats Fair Play GII 5-9f\r\nRKO Lord of Misrule at Hard Tack - Cabaal 10-16f by Corkscrew\r\nBlueJay/RKO Whimsy Mahubah - Whimsy 9-16f by BlueJay Whimsy Red GIII 6-10f by HT Secretariat GI 8-12f\r\nBlueJay Red&#039;s Sunrise - Sunny - owner Angora by BlueJay Whimsy Red GIII 6-10f by HT Secretariat GI 8-12f', NULL, 'http://i289.photobucket.com/albums/ll233/RKOpetz/Racers/mahubahhomesmall.png', 'http://i289.photobucket.com/albums/ll233/RKOpetz/Racers/muhubahridera.png'),
(73, 'Tidas', 'The Final Fantasy', 10, 'Dark Bay', '', 45, 2, 8, 13, 13, 13, 74, 67, 66, 63, 65, 67, 61, 64, 65, 64, 35, 30, 28, 5.0, 10.0, 13, 13, 21, 15, 17, 23, 25, '', NULL, 'http://i1203.photobucket.com/albums/bb385/Hallowish/Horses/Tidus-In-Hand_zpspj8v5wuh.png', 'http://i1203.photobucket.com/albums/bb385/Hallowish/Horse%20Racing/Tidus-racing_zpsatx7lkxk.png'),
(74, 'Cherish', 'Blood Of My Blood', 11, 'Blood Bay', '', 45, 2, 8, 13, 27, 27, 70, 65, 64, 55, 63, 61, 61, 65, 64, 62, 21, 12, 37, 7.0, 12.0, 14, 12, 21, 15, 17, 23, 25, 'Available with permission', NULL, 'http://i1203.photobucket.com/albums/bb385/Hallowish/Horses/Cherish-In-Hand_zpstyvnq54z.png', 'http://i1203.photobucket.com/albums/bb385/Hallowish/Horse%20Racing/Cherish-racing_zpsw5j0zekw.png'),
(75, 'Leo', 'Master Leo', 10, 'Chestnut', '', 46, 1, 5, 13, 21, 21, 69, 63, 66, 63, 63, 64, 64, 62, 62, 62, 17, 22, 5, 7.0, 12.0, 13, 13, 21, 15, 17, 23, 25, '', NULL, 'http://i1203.photobucket.com/albums/bb385/Hallowish/Horses/Leo-In-Hand_zpsawrxlnns.png', 'http://i1203.photobucket.com/albums/bb385/Hallowish/Horse%20Racing/Leo-Racing-1_zpsppuktg7i.png'),
(76, 'Prince', 'Glass Prince', 10, 'Black', '', 46, 1, 5, 13, 3, 3, 66, 61, 62, 55, 60, 62, 58, 60, 60, 59, 9, 15, 37, 5.0, 9.0, 12, 14, 21, 15, 18, 23, 25, '', NULL, 'http://i1203.photobucket.com/albums/bb385/Hallowish/Horses/Prince-Canter_zps4bxiza47.gif', 'http://i1203.photobucket.com/albums/bb385/Hallowish/Horse%20Racing/Prince-Racing_zpswplltivs.png'),
(77, 'Warrior', 'RKO Kats Man O War', 10, 'Chestnut', 'aaEE', 45, 2, 7, 3, 3, 3, 68, 59, 57, 58, 66, 64, 63, 61, 58, 60, 16, 11, 13, 7.0, 12.0, 13, 13, 19, 16, 18, 23, 26, 'RKO Kats Fair Play 5-9f x RKO Kats Muhubah 10-16f\r\n\r\nOffspring:\r\nRKO Haven American Flag - Patriot 7-12 out of RKO Haven Lady Comfey 7-12f\r\nRKO Haven War Admiral - Fleet 7-12f out of RKO Haven Kats Brushup 5-9f', NULL, 'http://i289.photobucket.com/albums/ll233/RKOpetz/Racers/manowarhomesmall.png', 'http://i289.photobucket.com/albums/ll233/RKOpetz/Racers/warriorrider.png'),
(78, 'DemoHorse', '', 9, '', '', 46, 37, 44, 24, 44, 44, 50, 50, 50, 50, 50, 50, 50, 50, 50, 50, 44, 44, 44, 0.0, 0.0, 44, 44, 44, 44, 44, 44, 44, '', NULL, '', ''),
(79, 'Red''s Sunrise', '', 11, 'ee', 'Chestnut', 46, 1, 6, 21, 21, 21, 66, 57, 59, 57, 63, 56, 55, 57, 65, 58, 17, 16, 23, 8.0, 12.0, 13, 13, 19, 15, 17, 24, 26, '', NULL, '', ''),
(80, 'Topper', 'BFF/RKO Comma To The Top', 10, 'Seal Brown', 'AtEe', 45, 2, 7, 3, 44, 44, 75, 65, 70, 60, 70, 64, 70, 69, 65, 60, 11, 9, 37, 10.0, 16.0, 13, 13, 19, 15, 18, 23, 44, 'Hexed by Kbev who was also the breeder', NULL, 'http://i289.photobucket.com/albums/ll233/RKOpetz/Racers/topperhomesmall.png', 'http://i289.photobucket.com/albums/ll233/RKOpetz/Racers/topperridertack.png'),
(81, 'Sickle', '', 10, 'Ee/A+a', 'Seal Bay', 45, 2, 7, 21, 3, 3, 66, 63, 66, 61, 61, 62, 68, 63, 62, 60, 11, 29, 13, 10.0, 16.0, 12, 14, 19, 16, 17, 23, 26, '', NULL, 'http://i1088.photobucket.com/albums/i329/Mockingbirdestates/Main%20Album2/petz479_zpsmiufsdqm.png', ''),
(82, 'Sword Play', 'Moonwatch Horse and Sword', 10, 'Bay', 'EE/Aa', 45, 3, 5, 2, 44, 44, 87, 77, 78, 70, 70, 73, 72, 71, 71, 72, 4, 15, 28, 12.0, 16.0, 12, 14, 22, 16, 17, 23, 26, 'Winner of the 2015 Breeders'' Cup Marathon', NULL, '', ''),
(83, 'Ansia', 'Falling Panophobia', 11, 'Perlino', '', 45, 3, 6, 2, 6, 6, 83, 76, 78, 72, 72, 70, 71, 71, 74, 72, 32, 10, 5, 12.0, 16.0, 12, 14, 19, 15, 17, 24, 25, '', NULL, '', ''),
(84, 'Rancor', '', 10, 'Black', 'EE/aa', 46, 3, 8, 2, 2, 2, 78, 77, 77, 73, 72, 73, 75, 72, 73, 77, 31, 22, 34, 8.0, 12.0, 14, 12, 22, 15, 17, 24, 26, '', NULL, '', ''),
(85, 'Sweep', 'RKO Haven Sweep', 10, 'Brown', 'aaeE', 45, 1, 8, 3, 3, 3, 58, 55, 57, 55, 58, 60, 59, 60, 57, 58, 36, 16, 14, 7.0, 12.0, 14, 12, 19, 16, 18, 23, 26, '', NULL, 'http://i289.photobucket.com/albums/ll233/RKOpetz/Racers/sweephomesmall.png', 'http://i289.photobucket.com/albums/ll233/RKOpetz/Racers/sweeprider.png'),
(86, 'Lightning''s Fury', '', 11, 'ee', 'Chestnut', 45, 2, 7, 21, 44, 44, 68, 64, 63, 64, 63, 68, 62, 66, 63, 66, 11, 33, 28, 9.0, 12.0, 14, 12, 19, 15, 17, 24, 25, '', NULL, 'http://i1088.photobucket.com/albums/i329/Mockingbirdestates/Main%20Album2/Lightningtackbymudkip_zpstz3q4qqj.png', ''),
(87, 'SeaBlue Royalty', '', 11, 'EE/AA', 'Bay', 45, 2, 6, 21, 2, 2, 73, 69, 66, 64, 63, 67, 63, 63, 63, 66, 9, 10, 5, 8.0, 12.0, 14, 12, 19, 15, 17, 23, 25, '', NULL, 'http://i1088.photobucket.com/albums/i329/Mockingbirdestates/Main%20Album2/petz1041_zpsfcubeahj.gif', ''),
(88, 'Phalaris', 'RKO Haven Kats Phalaris', 10, 'Seal Brown', 'AAEe', 45, 1, 44, 3, 3, 3, 61, 54, 58, 58, 60, 60, 62, 60, 57, 56, 9, 16, 13, 7.0, 12.0, 13, 13, 19, 16, 17, 23, 26, 'sr: RKO Haven Kats Polymelus - Mel 10-16f\r\ndm: RKO Haven Bromus - Bromus 7-12f', NULL, 'http://i289.photobucket.com/albums/ll233/RKOpetz/Racers/phalarishomesmall.png', 'http://i289.photobucket.com/albums/ll233/RKOpetz/Racers/phalarisrace.png'),
(89, 'Secretariat', 'RKO Haven&#039;s Secretariat II', 10, 'Chestnut', 'aAEe', 45, 2, 5, 3, 3, 3, 71, 63, 60, 57, 65, 61, 63, 65, 63, 68, 25, 17, 28, 7.0, 13.0, 13, 13, 19, 16, 18, 23, 26, '', NULL, 'http://i289.photobucket.com/albums/ll233/RKOpetz/Racers/redhomesmall.png', 'http://i289.photobucket.com/albums/ll233/RKOpetz/Racers/secretariatrace.png'),
(90, 'Remington', 'Hawkstone Remington of RKO', 10, '', '', 46, 2, 8, 3, 2, 2, 73, 68, 68, 67, 68, 67, 67, 71, 68, 67, 16, 32, 34, 7.0, 12.0, 13, 13, 19, 15, 17, 23, 26, '', NULL, 'http://i289.photobucket.com/albums/ll233/RKOpetz/Racers/remingtonhomesmall.png', 'http://i289.photobucket.com/albums/ll233/RKOpetz/Racers/remingtonrider.png'),
(91, 'Tisdale&#039;s Charm', '', 10, 'Ee', 'Black', 45, 2, 7, 21, 46, 46, 66, 61, 69, 65, 61, 61, 60, 62, 59, 58, 31, 25, 27, 5.0, 9.0, 13, 13, 20, 15, 17, 23, 25, '', NULL, 'http://i1088.photobucket.com/albums/i329/Mockingbirdestates/Main%20Album2/petz466_zpssgeq6m2p.png', ''),
(92, 'Aquarius', '', 11, 'EE', 'Black', 46, 1, 7, 21, 21, 21, 60, 56, 60, 58, 55, 55, 58, 56, 55, 55, 11, 31, 27, 5.0, 9.0, 13, 13, 20, 15, 17, 23, 25, '', NULL, 'http://i1088.photobucket.com/albums/i329/Mockingbirdestates/Main%20Album%203/petz1402_zps2qzlobfp.gif', ''),
(93, 'Top Hat', '', 10, 'ee', 'Chestnut', 46, 1, 5, 21, 44, 44, 63, 61, 59, 63, 62, 65, 59, 63, 60, 61, 30, 12, 27, 5.0, 8.0, 12, 14, 19, 16, 17, 23, 26, '', NULL, 'http://i1088.photobucket.com/albums/i329/Mockingbirdestates/Main%20Album2/petz3068.png', ''),
(94, 'Honor', 'Honor and Valor', 11, 'Gray', '', 46, 1, 7, 13, 44, 13, 69, 61, 66, 55, 60, 61, 62, 59, 60, 62, 22, 25, 6, 5.0, 9.0, 12, 14, 21, 15, 18, 23, 25, '', NULL, 'http://i1203.photobucket.com/albums/bb385/Hallowish/Horses/Honor-In-Hand_zpstl4cisex.png', 'http://i1203.photobucket.com/albums/bb385/Hallowish/Horse%20Racing/Honor-racing_zpsn5cf0jyk.png'),
(95, 'Ozy', 'Prince of Darkness', 10, 'Gray', '', 46, 1, 7, 13, 50, 50, 66, 63, 60, 60, 62, 62, 58, 58, 57, 59, 12, 21, 34, 8.0, 13.0, 14, 12, 21, 15, 18, 23, 25, '', NULL, 'http://i1203.photobucket.com/albums/bb385/Hallowish/Horses/petz66_zpsmd2rbctn.gif', 'http://i1203.photobucket.com/albums/bb385/Hallowish/Horse%20Racing/Ozy-racing_zpsaovbv3ty.gif'),
(96, 'Prestige', 'Flawless Reputation', 11, 'Palomino', '', 46, 1, 6, 13, 13, 13, 62, 59, 61, 55, 61, 59, 62, 61, 62, 61, 16, 15, 37, 7.0, 12.0, 13, 13, 21, 16, 17, 23, 25, '', NULL, 'http://i1203.photobucket.com/albums/bb385/Hallowish/Horses/Prestige-in-hand_zpsiu35qb6m.gif', 'http://i1203.photobucket.com/albums/bb385/Hallowish/Horses/Prestige-racing-notack_zpsa0sxuzke.gif'),
(97, 'Red Velvet', 'Delicious Delicacy', 11, 'Chestnut Sabino', '', 46, 1, 7, 13, 13, 13, 67, 63, 60, 55, 62, 61, 62, 61, 62, 61, 25, 11, 34, 6.0, 11.0, 13, 13, 21, 15, 17, 23, 25, '', NULL, 'http://i1203.photobucket.com/albums/bb385/Hallowish/Horses/Red%20Velvet-In-hand_zpsbmq5osql.png', 'http://i1203.photobucket.com/albums/bb385/Hallowish/Horse%20Racing/Red%20Velvet-Racing-Notack_zpshmgzcjvj.png'),
(98, 'Grey Storms', 'Storm&#039;s Brewing', 11, 'Flea Bitten Gray', '', 46, 1, 5, 13, 51, 51, 65, 60, 60, 60, 62, 58, 58, 59, 61, 60, 32, 30, 6, 6.0, 12.0, 13, 13, 21, 15, 17, 23, 25, '', NULL, 'http://i1203.photobucket.com/albums/bb385/Hallowish/Horses/Grey%20Storm-In-Hand_zps0wxoylug.gif', 'http://i1203.photobucket.com/albums/bb385/Hallowish/Horse%20Racing/petz4_zpsnomxxpii.gif'),
(99, 'Victor', 'Where The Blacktop Ends', 10, 'Dun Frame Overo', '', 46, 1, 6, 13, 1, 1, 62, 57, 59, 55, 62, 61, 56, 62, 58, 59, 32, 4, 34, 6.0, 11.0, 12, 14, 19, 16, 18, 23, 26, '', NULL, 'http://i1203.photobucket.com/albums/bb385/Hallowish/Victor-In-Hand_zpsqz8z1ht8.png', 'http://i1203.photobucket.com/albums/bb385/Hallowish/Horse%20Racing/Victor-Racing_zpsmyb3c5lw.png'),
(100, 'Eleanor', 'Blonde Bombshell', 11, 'Palomino', '', 46, 1, 5, 13, 44, 44, 62, 57, 57, 55, 62, 61, 57, 60, 59, 59, 21, 4, 37, 5.0, 10.0, 14, 12, 19, 15, 18, 23, 26, '&quot;BC Blonde Bombshell&quot; Hexed by Aero', NULL, 'http://i1203.photobucket.com/albums/bb385/Hallowish/Eleanor-In-Hand_zpsukuxeluc.png', 'http://i1203.photobucket.com/albums/bb385/Hallowish/Horse%20Racing/Eleanor-racing_zpsqqdzduma.png'),
(101, 'Rexy', '', 11, 'Ee/AA/Chch', 'Amber Champagne', 45, 2, 8, 21, 50, 50, 69, 66, 66, 66, 62, 63, 6, 63, 63, 64, 31, 15, 14, 5.5, 10.0, 13, 13, 21, 15, 18, 24, 25, '', NULL, 'http://i1088.photobucket.com/albums/i329/Mockingbirdestates/Main%20Album2/petz946_zpscjw7izp8.gif', ''),
(102, 'Swoop Street', '', 11, 'Ee/AA', 'Bay', 46, 1, 6, 21, 21, 21, 62, 60, 62, 60, 59, 60, 55, 55, 56, 55, 4, 9, 37, 8.0, 13.0, 14, 12, 19, 15, 17, 24, 26, '', NULL, 'http://i1088.photobucket.com/albums/i329/Mockingbirdestates/Main%20Album%203/petz1362_zps2jxipgch.gif', ''),
(105, 'Candy', 'RKO Candycane Heaven', 11, 'Blue Roan', 'AAge', 46, 2, 6, 3, 3, 3, 70, 66, 60, 57, 63, 65, 70, 66, 61, 63, 22, 32, 5, 7.0, 12.0, 14, 12, 19, 15, 17, 23, 26, 'Race records lost before 2010\r\n\r\nOffspring:\r\nRKO/HT Pop The Cork At Londonberry - Flicka 10-12f -by Londonberry We&#039;er All A Bit Mad - Corkscrew - G2 12-16f', NULL, 'http://i289.photobucket.com/albums/ll233/RKOpetz/Racers/candyhomesmall.png', 'http://i289.photobucket.com/albums/ll233/RKOpetz/Racers/candytrnrider.png'),
(106, 'Flicka', 'RKO/HT Pop The Cork At Londonderry', 11, 'Grey', 'aAGg', 46, 1, 6, 3, 2, 2, 66, 60, 65, 58, 61, 60, 60, 62, 62, 60, 8, 22, 37, 10.0, 16.0, 13, 13, 19, 15, 18, 23, 26, 'Sr: Londonderry We&#039;er All A Bit Mad - Corkscrew 12-16f\r\ndm: RKO Candycane Heaven - Candy', NULL, 'http://i289.photobucket.com/albums/ll233/RKOpetz/Racers/flickahomesmall.png', 'http://i289.photobucket.com/albums/ll233/RKOpetz/Racers/flickarider1.png'),
(107, 'Flare', 'GM&#039;s Flying Expectation', 11, 'Liver Chestnut', 'AaZZ', 46, 2, 5, 3, 44, 44, 64, 60, 57, 60, 67, 65, 62, 61, 61, 61, 4, 32, 5, 7.0, 12.0, 12, 14, 19, 16, 18, 23, 26, 'I think she was hex painted by Hworse(not sure)', NULL, 'http://i289.photobucket.com/albums/ll233/RKOpetz/Racers/flarehomesmall.png', ''),
(108, 'Selene', 'RKO Haven Kats Selene', 11, 'Bay', 'AAee', 46, 1, 7, 3, 3, 3, 66, 62, 61, 61, 62, 60, 61, 61, 61, 59, 11, 15, 27, 10.0, 16.0, 12, 14, 19, 16, 18, 23, 26, 'Offspring: \r\nRKO Haven Kats Sickle by RKO Haven Phalaris -  Owner: Angora\r\nDark Winter by RKO Haven Kats Phalaris', NULL, 'http://i289.photobucket.com/albums/ll233/RKOpetz/Racers/selenehomesmall.png', ''),
(109, 'Fleet', 'RKO Haven War Admiral', 10, 'Dark Bay', 'AAeE', 45, 3, 7, 3, 3, 3, 80, 81, 80, 68, 80, 69, 78, 73, 70, 68, 16, 36, 34, 7.0, 12.0, 14, 12, 19, 16, 18, 23, 26, 'Sired by RKO Kats Man O War out of RKO Haven Kats Brushup', NULL, 'http://i289.photobucket.com/albums/ll233/RKOpetz/Racers/fleethomesmall.png', 'http://i289.photobucket.com/albums/ll233/RKOpetz/Racers/fleetrace2xcf.png'),
(110, 'Zenyanotte', 'Hard Tack Sheza Tigress at RKO', 11, 'Brindle Bay', 'EEAABr', 46, 2, 6, 3, 2, 2, 73, 66, 64, 56, 61, 56, 62, 66, 66, 63, 32, 12, 28, 8.0, 12.0, 13, 13, 19, 16, 18, 23, 26, 'by: Mockingbird Two Minutes To Midnight EE - Mezzanotte - GIII 10-12f\r\nout of: Hard Tack Catch Me If You Can EeAA - Zenyatta - GI 8-10f', NULL, 'http://i289.photobucket.com/albums/ll233/RKOpetz/Racers/zenyanottehomesmall.png', 'http://i289.photobucket.com/albums/ll233/RKOpetz/Racers/zenyanotteridera.png');
INSERT INTO `horses` (`id`, `call_name`, `registered_name`, `sex`, `color`, `phenotype`, `breeding_status`, `grade`, `leg_type`, `owner`, `breeder`, `hexer`, `speed`, `staying`, `stamina`, `breaking`, `power`, `feel`, `fierce`, `tenacity`, `courage`, `response`, `pos_ability_1`, `pos_ability_2`, `neg_ability_1`, `distance_min`, `distance_max`, `surface_dirt`, `surface_turf`, `bandages`, `neck_height`, `run_style`, `hood`, `shadow_roll`, `notes`, `stall_path`, `stall_img`, `racing_img`) VALUES
(111, 'Pearl', 'Blue Jay Treasured Pearl at RKO', 11, 'Cremello', 'eeAaCrCr', 46, 1, 5, 3, 21, 21, 58, 54, 53, 61, 63, 60, 61, 58, 57, 58, 10, 17, 23, 5.0, 9.0, 13, 13, 19, 16, 18, 23, 26, '', NULL, 'http://i289.photobucket.com/albums/ll233/RKOpetz/Racers/pearlhomesmall.png', 'http://i289.photobucket.com/albums/ll233/RKOpetz/Racers/pearlrace1.png'),
(112, 'Bella', 'Hard Tack Phar South at RKO', 11, 'Palmino/Bright Chestnut', 'EeAanCrGg', 46, 2, 8, 3, 2, 2, 71, 63, 64, 60, 62, 58, 58, 65, 67, 64, 9, 31, 37, 7.0, 12.0, 13, 13, 19, 15, 18, 23, 26, 'by Mockingbird The red Terror - Phar Lap ee 6-10f\r\nought of Mockingbird Belle of the Ball - Southern Dancer EeCrCr 8-12f', NULL, 'http://i289.photobucket.com/albums/ll233/RKOpetz/Racers/pharsouthhomesmall.png', 'http://i289.photobucket.com/albums/ll233/RKOpetz/Racers/pharsouthracearider.png'),
(113, 'Selena', 'RKO Dark Winter', 11, 'Seal Brown', 'eEAa', 46, 1, 8, 3, 3, 3, 69, 64, 61, 60, 62, 63, 63, 61, 63, 62, 9, 1, 37, 9.0, 13.0, 13, 13, 19, 15, 18, 23, 26, 'sr: RKO Haven Kats Phalaris 7-12f\r\ngrdsr: RKO Haven Kats Polymelus 10-16f\r\ngrddm: RKO Haven Bromus 7-12f\r\ndm: RKO Haven Kats Selene 10-16f\r\nprts: RKO Haven Stock\r\ngrdprts: Manda V2.7 Stock', NULL, 'http://i289.photobucket.com/albums/ll233/RKOpetz/Racers/selenahomesmall.png', 'http://i289.photobucket.com/albums/ll233/RKOpetz/Racers/selenarace.png'),
(114, 'La Chica', 'RKO Haven La Chica', 11, 'Dark Grey', 'EeAAGg', 46, 2, 6, 3, 3, 3, 65, 68, 62, 60, 63, 61, 63, 64, 65, 61, 36, 10, 34, 10.0, 16.0, 13, 13, 19, 15, 17, 23, 26, 'RKO Haven Sweep 7-12f x RKO Kats La Grizette 5-9f\r\n\r\nOffspring: \r\nRKO Haven Miyako 7-12f by RKO Kats John P Grier 7-12f', NULL, 'http://i289.photobucket.com/albums/ll233/RKOpetz/Racers/lachicahomesmall.png', ''),
(115, 'Zettie', 'RKO Kats La Grizette', 11, 'Blue Roan', 'EeaARr', 46, 1, 5, 3, 3, 3, 62, 57, 62, 54, 57, 56, 56, 57, 60, 59, 10, 17, 23, 5.0, 9.0, 13, 13, 19, 15, 18, 23, 26, 'Offspring:\r\nRKO Haven La Chica 10-16f', NULL, 'http://i289.photobucket.com/albums/ll233/RKOpetz/Racers/zettiehomesmall.png', 'http://i289.photobucket.com/albums/ll233/RKOpetz/Racers/zettierider.png'),
(116, 'Bugs', 'What&#039;s Up Doc', 10, 'Steel grey overo', 'Ee aa Gg Oo', 45, 2, 8, 51, 51, 51, 77, 73, 71, 62, 64, 63, 63, 64, 62, 63, 9, 12, 34, 7.0, 11.0, 13, 13, 19, 15, 17, 23, 25, '', 'http://seeingstars.boards.net/thread/5028/ribbon-paperbarks-doc', 'http://i871.photobucket.com/albums/ab278/lbsgirl24/Halt_zpsn9gduvoh.png', 'http://i67.tinypic.com/amcuib.png'),
(117, 'Adalard', 'Mockingbird Kats Noble Knight', 10, 'Black', 'eeAA', 46, 1, 6, 3, 21, 21, 62, 58, 58, 58, 56, 56, 55, 61, 56, 52, 18, 16, 6, 10.0, 16.0, 12, 14, 19, 16, 18, 23, 26, '', NULL, 'http://i289.photobucket.com/albums/ll233/RKOpetz/Racers/adalardhomesmall.png', 'http://i289.photobucket.com/albums/ll233/RKOpetz/Racers/adalardrider.png'),
(118, 'Jewel', 'HS/RKO Triple Crown Jewel', 11, 'Bay', 'eeAa', 46, 2, 8, 3, 44, 44, 69, 65, 65, 63, 68, 63, 65, 67, 67, 65, 10, 36, 34, 5.0, 9.0, 12, 14, 19, 15, 18, 23, 26, 'Wildfire is the breeder and Hexer of Jewel', NULL, 'http://i289.photobucket.com/albums/ll233/RKOpetz/Racers/jewelhomesmall.png', 'http://i289.photobucket.com/albums/ll233/RKOpetz/Racers/jewelrider.png'),
(119, 'Apparition', '', 10, 'Grey Smoky Black', 'EE/aa/nCr/Gg', 45, 2, 5, 27, 44, 2, 69, 69, 69, 60, 69, 68, 65, 69, 69, 67, 22, 17, 7, 9.0, 14.0, 13, 13, 22, 16, 17, 24, 26, '', 'http://seeingstars.boards.net/thread/4158/ribbon-apparition-hard-tack-unexpected', 'http://i298.photobucket.com/albums/mm262/jewellzc/Apparition.png', 'http://i298.photobucket.com/albums/mm262/jewellzc/ApparitionR.png'),
(120, 'Bolo', '', 10, 'Dark Bay', 'EE/Aa', 45, 2, 8, 27, 44, 1, 69, 68, 68, 62, 64, 69, 64, 63, 66, 65, 16, 26, 23, 8.0, 12.0, 12, 14, 22, 15, 17, 24, 25, '', 'http://seeingstars.boards.net/thread/4167/ribbon-bolo-haubings-twist-fate', 'http://i298.photobucket.com/albums/mm262/jewellzc/Bolo.png', 'http://i298.photobucket.com/albums/mm262/jewellzc/BoloR.png'),
(121, 'Chantilly', '', 11, 'White', 'Ee/aa/Ww/nSb/nSpl', 45, 2, 8, 27, 44, 27, 72, 69, 70, 61, 68, 67, 66, 68, 66, 68, 31, 12, 23, 5.0, 10.0, 14, 12, 22, 15, 17, 24, 26, '', 'http://seeingstars.boards.net/thread/4166/ribbon-chantilly-white-lace', 'http://i298.photobucket.com/albums/mm262/jewellzc/Chantilly.png', 'http://i298.photobucket.com/albums/mm262/jewellzc/ChantillyR.png'),
(122, 'Charisma', '', 11, 'Bay', 'Ee/AAt', 45, 2, 6, 27, 44, 27, 82, 74, 74, 64, 71, 68, 67, 66, 69, 70, 4, 33, 34, 7.0, 12.0, 14, 12, 22, 15, 18, 24, 25, '', 'http://seeingstars.boards.net/thread/4155/ribbon-charisma-charismatic', 'http://i298.photobucket.com/albums/mm262/jewellzc/Charisma.png', 'http://i298.photobucket.com/albums/mm262/jewellzc/CharismaR.png'),
(123, 'Delirium', '', 10, 'Black', 'EE/aa', 46, 1, 8, 27, 44, 21, 69, 64, 62, 56, 62, 61, 59, 61, 57, 58, 32, 21, 14, 8.0, 13.0, 14, 12, 22, 15, 17, 24, 25, '', 'http://seeingstars.boards.net/thread/5482/delirium-bluejay-unbalanced', 'http://i298.photobucket.com/albums/mm262/jewellzc/Delirium.png', 'http://i298.photobucket.com/albums/mm262/jewellzc/DeliriumR.png'),
(124, 'Honestly', '', 11, 'Grey Black Sabino', 'Ee/aa/GG/SbSb', 45, 2, 8, 27, 44, 52, 80, 74, 73, 69, 70, 66, 67, 66, 67, 68, 16, 33, 14, 8.0, 12.0, 14, 12, 22, 15, 17, 24, 26, '', 'http://seeingstars.boards.net/thread/4157/ribbon-honestly-kings-silver-luck', 'http://i298.photobucket.com/albums/mm262/jewellzc/Honestly.png', 'http://i298.photobucket.com/albums/mm262/jewellzc/HonestlyR.png'),
(125, 'Mesmerize', '', 11, 'Buckskin', 'EE/Aa/nCr', 46, 1, 8, 27, 44, 51, 69, 62, 67, 64, 62, 62, 62, 58, 57, 61, 32, 16, 14, 7.0, 12.0, 14, 12, 22, 16, 17, 24, 26, '', 'http://seeingstars.boards.net/thread/5016/mesmerize-paperbarks-enchantress', 'http://i298.photobucket.com/albums/mm262/jewellzc/Mesmerize.png', 'http://i298.photobucket.com/albums/mm262/jewellzc/MesmerizeR.png'),
(126, 'Motive', '', 10, 'Black', 'EE/aa', 45, 2, 7, 27, 44, 27, 73, 74, 70, 68, 67, 64, 63, 64, 64, 63, 11, 25, 13, 6.0, 11.0, 14, 12, 21, 15, 17, 23, 25, '', 'http://seeingstars.boards.net/thread/4154/ribbon-motive-means-opportunity', 'http://i298.photobucket.com/albums/mm262/jewellzc/Motive.png', 'http://i298.photobucket.com/albums/mm262/jewellzc/MotiveR.png'),
(127, 'Pagan', '', 10, 'Dark Chestnut Tovero', 'ee/A+a/TT/nO', 46, 1, 7, 27, 44, 46, 67, 62, 67, 60, 62, 60, 59, 59, 59, 58, 33, 25, 14, 9.0, 14.0, 14, 12, 21, 15, 17, 24, 25, '', 'http://seeingstars.boards.net/thread/5480/pagan-ps-untamed', 'http://i298.photobucket.com/albums/mm262/jewellzc/Pagan.png', 'http://i298.photobucket.com/albums/mm262/jewellzc/PaganR.png'),
(128, 'Shared Belief', '', 9, 'Seal Brown', 'Ee/Ata', 46, 1, 8, 27, 44, 2, 68, 64, 63, 60, 62, 61, 60, 58, 58, 64, 3, 10, 23, 6.0, 10.0, 14, 12, 22, 15, 17, 24, 25, '', 'http://seeingstars.boards.net/thread/5014/shared-belief-hard-tack-heartbroken', 'http://i298.photobucket.com/albums/mm262/jewellzc/SharedBelief.png', 'http://i298.photobucket.com/albums/mm262/jewellzc/SBR.png'),
(129, 'Songbird', '', 11, 'Dark Bay', 'Ee/AA', 46, 1, 7, 27, 44, 27, 70, 69, 64, 64, 62, 64, 63, 62, 61, 63, 11, 25, 5, 6.0, 11.0, 14, 12, 21, 15, 17, 24, 25, '', 'http://seeingstars.boards.net/thread/4464/songbird-dare-fly', 'http://i298.photobucket.com/albums/mm262/jewellzc/Songbird.png', 'http://i298.photobucket.com/albums/mm262/jewellzc/SongbirdR.png'),
(130, 'Vain', '', 10, 'Chestnut Sabino', 'ee/Ata/nSb', 46, 1, 8, 27, 44, 2, 69, 64, 61, 60, 62, 61, 59, 57, 58, 61, 32, 12, 6, 11.0, 16.0, 12, 14, 21, 15, 17, 24, 25, '', 'http://seeingstars.boards.net/thread/4977/vain-hard-tack-narcissistic', 'http://i298.photobucket.com/albums/mm262/jewellzc/Vain.png', 'http://i298.photobucket.com/albums/mm262/jewellzc/VainR.png'),
(131, 'Warpaint', '', 10, 'Chestnut Splash Overo', 'ee/Aa/nO/SplSpl', 45, 2, 8, 27, 44, 44, 69, 69, 69, 66, 69, 64, 65, 64, 64, 67, 32, 33, 6, 11.0, 16.0, 12, 14, 22, 16, 18, 24, 26, '', 'http://seeingstars.boards.net/thread/4159/ribbon-warpaint-garthurs-battle-cry', 'http://i298.photobucket.com/albums/mm262/jewellzc/Warpaint.png', 'http://i298.photobucket.com/albums/mm262/jewellzc/WarpaintR.png'),
(132, 'Adrienne', 'RKO Haven Kats Adrienne', 11, 'Chestnut/sorral', 'Eeaa', 46, 1, 7, 3, 3, 3, 52, 50, 51, 50, 51, 50, 52, 50, 51, 50, 16, 29, 6, 14.0, 20.0, 12, 14, 19, 16, 18, 23, 26, 'Training: RKO Haven Center\r\nNot raced yet\r\nOffspring:\r\nRKO Haven Kats Ariadne 10-20f', NULL, 'http://i289.photobucket.com/albums/ll233/RKOpetz/Racers/adriennehomesmall.png', ''),
(133, 'Tetarch', 'RKO Haven The Tetarch', 10, 'Blue Roan/grey', 'eeAaRr', 46, 1, 5, 3, 3, 3, 50, 50, 50, 50, 50, 50, 50, 50, 50, 50, 9, 25, 28, 12.0, 20.0, 13, 13, 19, 16, 18, 23, 26, 'Not raced yet - will be back to fix his stats\r\nSire: RKO Kats Roi Herode 5-9f\r\nDam: RKO Haven Vahren 8-15f', NULL, 'http://i289.photobucket.com/albums/ll233/RKOpetz/Racers/tetarchhomesmall.png', 'http://i289.photobucket.com/albums/ll233/RKOpetz/Racers/archeyracerider.png'),
(134, 'Ariadne', 'RKO Haven Kats Ariadne', 11, 'Liver Chestnut', 'EeAA', 46, 1, 7, 3, 3, 3, 50, 50, 50, 50, 50, 50, 50, 50, 50, 50, 32, 16, 6, 10.0, 18.0, 12, 14, 19, 16, 18, 23, 26, 'Not raced yet - will be back to fix stats\r\nSire: RKO Kats Light Brigade 7-12f\r\nDam: RKO Haven Kats Adrienne 12 -20f\r\nOffspring:\r\nRKO Haven Discovery 8-15f', NULL, 'http://i289.photobucket.com/albums/ll233/RKOpetz/Racers/ariadnehomesmall.png', ''),
(135, 'Audience', 'RKO Haven Audience', 11, 'Chestnut', 'EEAa', 46, 1, 6, 3, 3, 3, 50, 50, 50, 50, 50, 50, 50, 50, 50, 50, 9, 22, 37, 10.0, 17.0, 13, 13, 19, 15, 18, 23, 26, 'Not raced yet - will be back to fix Stats\r\nOffspring:\r\nRKO Kats Whisk Broom 12-18f by RKO Haven Broomstick 10-16f', NULL, 'http://i289.photobucket.com/albums/ll233/RKOpetz/Racers/audiencehomesmall.png', ''),
(136, 'Barbaro', 'RKO Haven Barbaro&#039;s Image', 10, 'Bay', 'EeAA', 46, 3, 7, 3, 3, 3, 81, 82, 79, 60, 73, 62, 77, 80, 76, 62, 25, 29, 6, 10.0, 18.0, 12, 14, 19, 16, 18, 23, 26, 'Pedigree in progress', NULL, 'http://i289.photobucket.com/albums/ll233/RKOpetz/Racers/Barbarohomenkatsmalla.png', ''),
(137, 'Beloved', 'RKO Haven Kats Beloved', 11, 'Bay', 'eEAA', 46, 1, 5, 3, 3, 44, 50, 50, 50, 50, 50, 50, 50, 50, 50, 50, 17, 22, 37, 12.0, 20.0, 13, 13, 19, 16, 18, 23, 26, 'Hex painted by Garthur\r\nSire: RKO Kats Whisk Broom 12-17f\r\nBroomstick 11-18f x Audience 10 -18f\r\nDam: RKO Haven Bill And Coo 7-12f\r\nHelmet 11-18f x Padula 5-9f\r\nNot raced yet - will be back to fix stats\r\nOffspring:\r\n3 colts and 1 filly by American Flag', NULL, 'http://i289.photobucket.com/albums/ll233/RKOpetz/Racers/belovedhomesmall.png', ''),
(138, 'Billy Whisk', 'RKO Haven Billy Whisk', 10, 'Seal Brown', 'eEAA', 46, 1, 5, 3, 3, 3, 58, 55, 60, 59, 58, 58, 57, 58, 59, 58, 17, 9, 27, 12.0, 18.0, 13, 13, 19, 16, 18, 23, 26, 'sr: RKO Kats Whisk Broom 12-17f\r\nRKO Haven Broomstick 11-17f x RKO Haven Audience 10-16f\r\ndm: RKO Haven Bill And Coo 7-12f\r\nRKO Haven Kats Helmet 11-17f x RKO Haven Kats Padula 5-9f\r\nTraining:\r\nRKO Haven Center - 3 stamina, 2 staying plus 2 fierce, 2 breaking and 2 response\r\nRKO Haven Center - 4 breaking, 2 power, 3 feel plus 2 fierce, 2 courage and 2 response\r\nHard Tack Center - 3 feel, 4 tenacity, 3 courage, 3 response - plus 3 power, 2 speed\r\nMockingbird Center - 3 speed, 2 power, 1 response + 3 breaking and 2 stamina\r\nHard Tack Center - 4 stamina, 3 staying - plus 3 fierce, 2 feel', NULL, 'http://i289.photobucket.com/albums/ll233/RKOpetz/Racers/billywhiskhomesmall.png', 'http://i289.photobucket.com/albums/ll233/RKOpetz/Racers/billytack.png'),
(139, 'Broomstick', 'RKO Haven Broomstick', 10, 'Brown/Bay', 'eeAA', 46, 1, 5, 3, 3, 3, 50, 50, 50, 50, 50, 50, 50, 50, 50, 50, 25, 17, 34, 11.0, 18.0, 12, 14, 19, 16, 17, 23, 26, 'not raced yet - will be back to fix stats\r\nOffspring:\r\nRKO Kats Whisk Broom out of RKO Haven Audience', NULL, 'http://i289.photobucket.com/albums/ll233/RKOpetz/Racers/Broomstickhomesmall.png', ''),
(140, 'Cicuta', 'RKO Haven Kats Cicuta', 11, 'Brown/Bay', 'eeAA', 46, 1, 5, 3, 3, 3, 50, 50, 50, 50, 50, 50, 50, 50, 50, 50, 17, 9, 34, 10.0, 17.0, 13, 13, 19, 15, 18, 23, 26, 'not raced yet - will be back to fix stats\r\nOffspring:\r\nRKO Haven Kats Display by RKO Kats Fair Play', NULL, 'http://i289.photobucket.com/albums/ll233/RKOpetz/Racers/cicutahomesmall.png', ''),
(141, 'Commando', 'RKO Havens Commando', 10, 'Black', 'eEAA', 45, 1, 5, 3, 3, 3, 50, 50, 50, 50, 50, 50, 50, 50, 50, 50, 17, 25, 5, 10.0, 17.0, 13, 13, 19, 16, 18, 23, 26, 'not raced yet - will be back to fix stats\r\nOffspring:\r\nRKO Kats Command Run out of Running Stream\r\nRKO Haven Kats Ultimus', NULL, 'http://i289.photobucket.com/albums/ll233/RKOpetz/Racers/commandohomesmall.png', ''),
(142, 'Discovery', 'RKO Haven Discovery', 10, 'Chestnut', 'EEaa', 45, 1, 8, 3, 3, 3, 50, 50, 50, 50, 50, 50, 50, 50, 50, 50, 9, 16, 37, 8.0, 15.0, 13, 13, 19, 16, 18, 23, 26, 'Sire: RKO Haven Kats Display\r\nFair Play x Cicuta\r\nDam: RKO Haven Kats Ariadne\r\nLight Brigade x Adrienne\r\nnot raced yet - will be back to fix stats\r\nOffspring:\r\nRKO Haven Geisha out of RKO Haven Miyako', NULL, 'http://i289.photobucket.com/albums/ll233/RKOpetz/Racers/discoveryhomesmall.png', ''),
(143, 'Geisha', 'RKO Haven Geisha', 11, 'Blue Roan/Grey', 'eeRrgg', 45, 1, 7, 3, 3, 3, 60, 59, 56, 52, 60, 61, 60, 59, 59, 56, 11, 25, 5, 10.0, 16.0, 14, 12, 19, 16, 18, 23, 26, 'by RKO Haven Discovery 8-15f\r\nDisplay 7-12f x Ariadne 10-16f\r\nout of RKO Haven Miyako 7-12f\r\nJohn P Grier 7-12f x La Chica 10-16f\r\nTraining:\r\nRKO Training Center - 2 feel, 3 tenacity, 2 courage, 2 response plus 2 fierce, 2 breaking &amp; 2 response\r\nHard Tack Center - 3 feel, 4 tenacity, 3 courage, 3 response - plus 3 power, 2 fierce\r\nMockingbird Center - 3 stamina, 2 staying + 3 feel and 2 power\r\nHard Tack Center - 4 speed, 3 power, 2 response plus 3 courage, 2 feel\r\nOffspring:\r\nRKO Native Dancer - Nate 7-12f by RKO Haven Polynesian 7-12f', NULL, 'http://i289.photobucket.com/albums/ll233/RKOpetz/Racers/geishahomesmall.png', ''),
(144, 'Helmet', 'RKO Haven Kats Helmet', 10, 'Liver Chestnut/Brown', 'Eeaa', 46, 1, 7, 3, 3, 3, 50, 50, 50, 50, 50, 50, 50, 50, 50, 50, 32, 22, 34, 11.0, 18.0, 12, 14, 19, 16, 18, 23, 26, 'not raced yet - will be back to fix stats\r\nOffspring:\r\nRKO Haven Bill And Coo out of RKO Haven Kats Padula\r\nRKO Haven Kats Armor out of RKO Haven Kats Padula\r\nRKO Haven Kats Helles out of RKO Haven Kats Padula', NULL, 'http://i289.photobucket.com/albums/ll233/RKOpetz/Racers/helmethomesmall.png', ''),
(145, 'Polymelus', 'RKO Haven Kats Polymelus', 10, 'Bay', 'eEAa', 46, 1, 7, 3, 3, 3, 50, 50, 50, 50, 50, 50, 50, 50, 50, 50, 29, 12, 13, 10.0, 16.0, 13, 13, 19, 15, 18, 23, 26, 'Not raced yet - will be back to fix stats\r\nOffspring:', NULL, 'http://i289.photobucket.com/albums/ll233/RKOpetz/Racers/polymelushomesmall.png', ''),
(146, 'Pompey', 'RKO Haven Kats Pompey', 10, 'Bay', 'eeAA', 45, 1, 7, 3, 3, 3, 50, 50, 50, 50, 50, 50, 50, 50, 50, 50, 9, 32, 27, 10.0, 17.0, 13, 13, 19, 15, 18, 23, 26, 'Not raced yet - will be back to fix stats\r\nOffspring:\r\nRKO Dark Knight - Landon(owner: Polluted Stables) out of RKO Kats Black Maria\r\nRKO Kats Black Queen out of RKO Kats Black Maria', NULL, 'http://i289.photobucket.com/albums/ll233/RKOpetz/Racers/pompeyhomesmall.png', ''),
(147, 'Gentiva', '', 11, 'Palomino', 'ee/Crcr', 45, 3, 6, 21, 21, 21, 80, 71, 71, 62, 74, 65, 67, 75, 72, 72, 31, 36, 23, 5.0, 8.0, 13, 13, 22, 15, 18, 24, 25, '', NULL, 'http://i1088.photobucket.com/albums/i329/Mockingbirdestates/Main%20Album%203/petz1439_zpsxawf5lga.gif', ''),
(148, 'Reverence', '', 11, '', '', 46, 2, 44, 2, 44, 44, 0, 0, 0, 0, 0, 0, 0, 0, 0, 0, 44, 44, 44, 0.0, 0.0, 44, 44, 44, 44, 44, 44, 44, '', NULL, '', ''),
(150, 'Southern Dancer', 'Belle of the Ball', 11, 'Smokey Cream', 'EeCrCr', 45, 3, 7, 2, 44, 21, 78, 71, 79, 71, 73, 70, 70, 74, 71, 71, 11, 31, 6, 8.0, 12.0, 12, 14, 22, 15, 18, 24, 25, '', 'http://seeingstars.boards.net/thread/440/southern-dancer-gii-1st-mare', '', '');

-- --------------------------------------------------------

--
-- Table structure for table `lineages`
--

CREATE TABLE IF NOT EXISTS `lineages` (
  `id` int(100) unsigned NOT NULL AUTO_INCREMENT,
  `horse_id` int(100) unsigned DEFAULT NULL,
  `sire_id` int(100) unsigned DEFAULT NULL,
  `dam_id` int(100) unsigned DEFAULT NULL,
  PRIMARY KEY (`id`),
  KEY `horses_progeny_horse_id_foreign` (`horse_id`),
  KEY `horses_progeny_sire_id_foreign` (`sire_id`),
  KEY `horses_progeny_dam_id_foreign` (`dam_id`)
) ENGINE=InnoDB  DEFAULT CHARSET=latin1 AUTO_INCREMENT=22 ;

--
-- Dumping data for table `lineages`
--

INSERT INTO `lineages` (`id`, `horse_id`, `sire_id`, `dam_id`) VALUES
(1, 21, 20, 26),
(3, 4, 1, 13),
(4, 1, 32, 31),
(5, 3, 33, 34),
(7, 20, 39, 29),
(9, 23, 57, 24),
(10, 54, 53, 25),
(12, 56, 1, 55),
(13, 64, 1, 55),
(14, 77, 69, 72),
(15, 79, 57, 72),
(16, 92, 91, 65),
(17, 113, 88, 108),
(18, 114, 85, 115),
(19, 57, 89, 147),
(20, 148, 1, 3),
(21, 19, 40, 150);

-- --------------------------------------------------------

--
-- Table structure for table `migrations`
--

CREATE TABLE IF NOT EXISTS `migrations` (
  `migration` varchar(255) COLLATE utf8_unicode_ci NOT NULL,
  `batch` int(11) NOT NULL
) ENGINE=InnoDB DEFAULT CHARSET=utf8 COLLATE=utf8_unicode_ci;

--
-- Dumping data for table `migrations`
--

INSERT INTO `migrations` (`migration`, `batch`) VALUES
('2014_10_12_000000_create_users_table', 1),
('2014_10_12_100000_create_password_resets_table', 1),
('2016_02_27_172548_create_rodinia_tables', 1);

-- --------------------------------------------------------

--
-- Table structure for table `password_resets`
--

CREATE TABLE IF NOT EXISTS `password_resets` (
  `email` varchar(255) COLLATE utf8_unicode_ci NOT NULL,
  `token` varchar(255) COLLATE utf8_unicode_ci NOT NULL,
  `created_at` timestamp NOT NULL DEFAULT '0000-00-00 00:00:00',
  KEY `password_resets_email_index` (`email`),
  KEY `password_resets_token_index` (`token`)
) ENGINE=InnoDB DEFAULT CHARSET=utf8 COLLATE=utf8_unicode_ci;

-- --------------------------------------------------------

--
-- Table structure for table `person`
--

CREATE TABLE IF NOT EXISTS `person` (
  `id` int(100) unsigned NOT NULL AUTO_INCREMENT,
  `user_id` int(100) unsigned DEFAULT NULL,
  `username` varchar(255) NOT NULL,
  `stable_name` varchar(255) DEFAULT NULL,
  `stable_prefix` varchar(255) DEFAULT NULL,
  `racing_colors` varchar(255) DEFAULT NULL,
  PRIMARY KEY (`id`),
  UNIQUE KEY `person_username_unique` (`username`),
  KEY `user_id` (`user_id`)
) ENGINE=InnoDB  DEFAULT CHARSET=latin1 AUTO_INCREMENT=53 ;

--
-- Dumping data for table `person`
--

INSERT INTO `person` (`id`, `user_id`, `username`, `stable_name`, `stable_prefix`, `racing_colors`) VALUES
(1, 14, 'Haubing', 'Shashka Stables', 'Haubing', 'Green and White'),
(2, 10, 'Neco', 'Hard Tack', 'Hard Tack', 'Black, Red'),
(3, 18, 'Katann', 'RKO Haven', 'RKO', 'Dark Blue, Dark Red'),
(4, NULL, 'Artemis', 'Three Peaks Manor', 'Three Peaks', ''),
(6, NULL, 'Mak', 'Falling in Like', 'Falling', 'Green, Gold'),
(13, 12, 'Daveena', 'Sunfire Racing', 'Sunfire', 'Orange Pink and Blue'),
(20, NULL, 'Brynn', '', '', ''),
(21, 11, 'Angora', 'BlueJay Racing', 'BlueJay', 'Royal Red, Gold, and Black'),
(22, 9, 'Jez', 'Burning Acres', 'BA', 'Blue, White, and Gold'),
(23, NULL, 'GallopandStorm', 'Sweet Secrets', 'Sweet Secrets', 'Light Blue, Pink and Purple'),
(24, NULL, 'DemoPerson', 'Demo', 'Demo', ''),
(26, 15, 'Aragorn', 'Midgard', 'Midgard', 'Light blue, blue and white'),
(27, 13, 'Jewellz', 'Rhapsody', 'Rhapsody', 'Pink, Yellow, and Teal'),
(44, NULL, 'Unknown', 'Unknown', 'Unknown', 'Unknown'),
(45, NULL, 'Ryder', 'Turn & Burn', 'T&B', 'Black, White'),
(46, NULL, 'Pollution', 'Polluted Acres', 'PA', 'Black, Yellow and White'),
(47, NULL, 'Akmu', 'Rose Gate Stables', 'RGS', 'Pink and Cream'),
(48, NULL, 'Fall', 'Reed Ranch', 'Reed', 'Black, White'),
(49, NULL, 'Palecat', 'Palecat5 Stables', 'Palecat5 Stables', 'Dark Red, Black'),
(50, NULL, 'Polly', 'Old Barn Stables', 'OBS', 'Blue, Silver and Black'),
(51, NULL, 'elbeess', 'Paperbark Stables', 'Paperbark', 'Yellow & green'),
(52, NULL, 'Badger', 'Kingston Stables', 'King', '');

-- --------------------------------------------------------

--
-- Table structure for table `races`
--

CREATE TABLE IF NOT EXISTS `races` (
  `id` int(100) unsigned NOT NULL AUTO_INCREMENT,
  `series` int(100) unsigned DEFAULT '44',
  `name` varchar(255) NOT NULL,
  `surface` int(100) unsigned DEFAULT NULL,
  `grade` int(100) unsigned DEFAULT NULL,
  `distance` decimal(8,1) DEFAULT NULL,
  `ran_dt` date DEFAULT NULL,
  `url` varchar(255) DEFAULT NULL,
  PRIMARY KEY (`id`),
  KEY `races_grade_foreign` (`grade`),
  KEY `races_surface_foreign` (`surface`),
  KEY `races_ibfk_3` (`series`)
) ENGINE=InnoDB  DEFAULT CHARSET=latin1 AUTO_INCREMENT=451 ;

--
-- Dumping data for table `races`
--

INSERT INTO `races` (`id`, `series`, `name`, `surface`, `grade`, `distance`, `ran_dt`, `url`) VALUES
(1, 44, 'Sordid Affair Stakes', 41, 3, 7.0, '2016-03-23', 'http://seeingstars.boards.net/thread/5528/'),
(2, 44, 'Dubai Millenium Stakes', 41, 2, 10.0, '1000-01-01', 'http://seeingstars.boards.net/thread/5596'),
(3, 44, 'Down and Out Stakes', 42, 1, 12.0, '2015-09-02', 'http://seeingstars.boards.net/thread/3120'),
(4, 33, 'Zabeel Mile', 42, 2, 8.0, '1000-01-01', 'http://seeingstars.boards.net/thread/5594'),
(5, 33, 'Al Shindagha Sprint', 41, 2, 6.0, '1000-01-01', 'http://seeingstars.boards.net/thread/5593'),
(7, 44, 'Running Roses Stakes', 41, 2, 8.0, '2016-03-22', 'http://seeingstars.boards.net/thread/5616'),
(8, 44, 'Guns Blazing Stakes', 41, 2, 7.0, '2016-03-16', 'http://seeingstars.boards.net/thread/5601'),
(9, 44, 'Celtic Bride Stakes', 42, 1, 12.0, '2015-05-24', 'http://seeingstars.boards.net/thread/1762'),
(10, 44, 'Summer Front Stakes', 41, 1, 11.5, '2015-05-24', 'http://seeingstars.boards.net/thread/1713'),
(11, 34, 'Woodbine Racetrack', 41, 1, 8.0, '2015-05-26', 'http://seeingstars.boards.net/thread/1793'),
(12, 34, 'Breeders'' Stakes', 42, 1, 12.0, '2015-05-30', 'http://seeingstars.boards.net/thread/1806'),
(14, 44, 'Stars and Stripes Handicap', 42, 2, 8.0, '2015-07-08', 'http://seeingstars.boards.net/thread/2428'),
(15, 44, 'Old Friends Stakes', 42, 2, 8.0, '2015-09-15', 'http://seeingstars.boards.net/thread/3140'),
(16, 31, 'Dirt Mile', 41, 37, 8.0, '2015-11-01', 'http://seeingstars.boards.net/thread/4130'),
(18, 38, 'Fountain of Youth', 41, 37, 9.0, '2016-03-19', 'http://seeingstars.boards.net/thread/5571'),
(19, 39, 'Fairground Oaks', 41, 37, 8.5, '2016-03-18', 'http://seeingstars.boards.net/thread/5563'),
(20, 44, 'Road Less Travelled', 41, 2, 9.0, '2016-03-16', 'http://seeingstars.boards.net/thread/5602'),
(21, 29, 'Dec 12', 41, 1, 8.0, '2015-12-12', ''),
(22, 30, 'March 25', 42, 1, 9.0, '2015-05-27', 'http://seeingstars.boards.net/thread/5748/march-maiden-special-weight-completed'),
(23, 44, 'Ice and Fire Handicap', 42, 3, 8.0, '2015-07-30', 'http://seeingstars.boards.net/thread/2806'),
(24, 44, 'Sycorax Handicap', 42, 1, 11.0, '1111-11-11', ''),
(25, 29, 'May 24', 42, 1, 7.0, '2015-04-26', 'http://seeingstars.boards.net/thread/1808'),
(26, 44, 'Dead Man''s Sprint Stakes', 42, 2, 7.0, '2015-10-20', 'http://seeingstars.boards.net/thread/4020'),
(27, 44, 'The Tin Man Handicap', 42, 1, 12.0, '2015-05-05', 'http://seeingstars.boards.net/thread/1591'),
(28, 29, 'May 21', 41, 1, 8.0, '2015-05-21', 'http://seeingstars.boards.net/thread/1750'),
(29, 34, 'Toronto Cup', 42, 1, 9.0, '2015-05-24', 'http://seeingstars.boards.net/thread/1805'),
(30, 44, 'Above and Below Handicap', 42, 2, 8.0, '2015-07-24', 'http://seeingstars.boards.net/thread/2691'),
(31, 44, 'Slow Burn Handicap', 42, 2, 9.0, '2015-09-05', 'http://seeingstars.boards.net/thread/3172'),
(32, 31, 'Corinthian Stakes', 41, 37, 8.0, '2015-09-18', 'http://seeingstars.boards.net/thread/3412'),
(33, 31, 'Goldikova Stakes', 42, 37, 8.0, '2015-09-15', 'http://seeingstars.boards.net/thread/3411'),
(34, 31, 'Frankel Handicap', 42, 37, 8.0, '2015-09-26', 'http://seeingstars.boards.net/thread/3539'),
(35, 44, 'Self Destruct Handicap', 42, 2, 12.0, '2015-10-02', 'http://seeingstars.boards.net/thread/3626'),
(36, 44, 'Loveburn Handicap', 41, 3, 8.0, '2015-10-23', 'http://seeingstars.boards.net/thread/4106'),
(37, 31, 'Classic', 41, 37, 10.0, '2015-10-25', 'http://seeingstars.boards.net/thread/4136'),
(38, 44, 'Shadowrun Handicap', 41, 2, 10.5, '2015-09-25', 'http://seeingstars.boards.net/thread/3516'),
(39, 44, 'Mammoth Handicap', 42, 2, 12.0, '2015-06-03', 'http://seeingstars.boards.net/thread/1995'),
(40, 44, 'Empire State Handicap', 41, 2, 9.0, '2015-05-31', 'http://seeingstars.boards.net/thread/1941'),
(41, 44, 'Paranormal Party Handicap', 41, 2, 10.5, '2015-06-29', 'http://seeingstars.boards.net/thread/2372'),
(42, 35, 'Dubai Classic', 41, 2, 10.0, '2015-07-05', 'http://seeingstars.boards.net/thread/2445'),
(43, 44, 'Seize The Day Handicap', 42, 2, 12.0, '2015-07-24', 'http://seeingstars.boards.net/thread/2693'),
(44, 31, 'Cigar Handicap', 41, 37, 10.0, '2015-08-03', 'http://seeingstars.boards.net/thread/2854'),
(45, 44, 'Sink or Swim Stakes', 42, 2, 12.0, '2015-08-27', 'http://seeingstars.boards.net/thread/3092'),
(46, 44, 'Mad House Handicap', 41, 3, 10.0, '2015-10-31', 'http://seeingstars.boards.net/thread/3881'),
(47, 44, 'Warbler Handicap', 41, 1, 9.0, '2015-05-22', 'http://seeingstars.boards.net/thread/1751'),
(48, 44, 'Rising Tide Stakes', 41, 1, 10.5, '2015-05-03', 'http://seeingstars.boards.net/thread/1566'),
(49, 34, 'Nunavut Stakes', 42, 1, 9.0, '2015-04-01', 'http://seeingstars.boards.net/thread/1904'),
(50, 44, 'Winsome Handicap', 41, 2, 8.0, '2016-03-18', 'http://seeingstars.boards.net/thread/2076'),
(51, 44, 'Game On Dude Handicap', 41, 2, 9.0, '2016-03-18', 'http://seeingstars.boards.net/thread/3141'),
(52, 31, 'Coaltown Handicap', 41, 37, 8.0, '2016-03-18', 'http://seeingstars.boards.net/thread/3540'),
(53, 44, 'Uninvited Guests Handicap', 42, 3, 12.0, '2016-03-18', 'http://seeingstars.boards.net/thread/4023'),
(54, 44, 'Together Forward Handicap', 41, 3, 9.0, '2016-03-18', 'http://seeingstars.boards.net/thread/4346'),
(55, 44, 'Steamroller Stakes', 42, 3, 10.0, '2016-03-18', 'http://seeingstars.boards.net/thread/4521'),
(57, 30, 'May 24', 42, 1, 9.0, '2015-05-24', 'http://seeingstars.boards.net/thread/1809'),
(58, 44, 'Belmont Gold Cup', 42, 2, 12.0, '2015-05-31', 'http://seeingstars.boards.net/thread/1942'),
(59, 44, 'Lead Me Home Stakes', 42, 2, 11.0, '2015-07-04', 'http://seeingstars.boards.net/thread/2429'),
(60, 44, 'Funny Bone Handicap', 41, 2, 9.0, '2015-07-08', 'http://seeingstars.boards.net/thread/2493'),
(61, 44, 'Affirmed Handicap', 41, 2, 10.0, '2015-07-30', 'http://seeingstars.boards.net/thread/2692/affirmed-handicap-dirt-giii-completed'),
(62, 44, 'Sea The Stars Handicap', 42, 2, 12.0, '2015-09-28', 'http://seeingstars.boards.net/thread/3585'),
(63, 44, 'Paranormal Witness Handicap', 42, 3, 9.0, '2015-10-09', 'http://seeingstars.boards.net/thread/3804'),
(64, 44, 'Pender Harbor Stakes', 42, 3, 10.0, '2015-11-29', 'http://seeingstars.boards.net/thread/4565'),
(65, 44, 'Sort It Out Handicap', 42, 2, 12.0, '2015-09-17', 'http://seeingstars.boards.net/thread/3398'),
(71, 44, 'Burnin'' From the Start Stakes', 42, 2, 9.0, '2016-03-23', 'http://seeingstars.boards.net/thread/5732'),
(72, 44, 'Let It Go Handicap', 41, 2, 9.5, '2016-03-23', 'http://seeingstars.boards.net/thread/5617'),
(73, 44, 'Seeing Stars Handicap', 42, 3, 9.0, '2016-03-25', 'http://seeingstars.boards.net/thread/5731'),
(74, 29, 'May 5', 42, 1, 9.0, '2015-05-05', 'http://seeingstars.boards.net/thread/1592'),
(75, 30, 'May 5', 41, 37, 10.0, '2015-05-05', 'http://seeingstars.boards.net/thread/1593'),
(76, 44, 'Sweet Amber Stakes', 41, 3, 10.0, '2015-06-25', 'http://seeingstars.boards.net/thread/2331'),
(77, 44, 'Evergleam Stakes', 42, 2, 8.0, '2015-06-29', 'http://seeingstars.boards.net/thread/2379'),
(78, 35, 'Sheema Classic', 42, 2, 12.0, '2015-07-08', 'http://seeingstars.boards.net/thread/2491'),
(79, 31, 'Shergar Memorial Stakes', 42, 37, 11.0, '2015-07-18', 'http://seeingstars.boards.net/thread/2528'),
(80, 31, 'Tiznow Handicap', 41, 37, 9.0, '2015-07-19', 'http://seeingstars.boards.net/thread/2618'),
(81, 31, 'English Channel Handicap', 42, 37, 12.0, '2015-07-19', 'http://seeingstars.boards.net/thread/2616'),
(82, 31, 'Spectacular Bid Stakes', 41, 37, 10.0, '2015-07-26', 'http://seeingstars.boards.net/thread/2712'),
(83, 31, 'Orfevre Handicap', 42, 37, 12.0, '2015-08-03', 'http://seeingstars.boards.net/thread/2856'),
(84, 44, 'Speed Demon Stakes', 41, 2, 9.0, '2015-08-27', 'http://seeingstars.boards.net/thread/3091'),
(85, 44, 'Jack Be Nimble Handicap', 41, 2, 12.0, '2015-09-09', 'http://seeingstars.boards.net/thread/3306'),
(86, 44, 'Left Behind Stakes', 41, 2, 10.0, '2015-09-09', 'http://seeingstars.boards.net/thread/3305'),
(87, 44, 'Macho Uno Stakes', 41, 3, 8.5, '2015-10-02', 'http://seeingstars.boards.net/thread/3627'),
(88, 44, 'On Ice Handicap', 42, 2, 12.0, '2015-10-15', 'http://seeingstars.boards.net/thread/4022'),
(89, 44, 'War Front Stakes', 41, 3, 10.0, '2016-11-03', 'http://seeingstars.boards.net/thread/4228'),
(90, 44, 'Unobtainium Stakes', 42, 3, 12.0, '2015-11-21', 'http://seeingstars.boards.net/thread/4442'),
(91, 29, 'October 3', 42, 1, 9.0, '2015-10-03', 'http://seeingstars.boards.net/thread/3646'),
(92, 29, 'September 22', 42, 1, 8.0, '2015-09-22', 'http://seeingstars.boards.net/thread/3462'),
(93, 29, 'September 27', 41, 1, 9.0, '2015-09-27', 'http://seeingstars.boards.net/thread/3566'),
(94, 44, 'Claiborne Futurity Stakes', 41, 1, 9.0, '2015-11-01', 'http://seeingstars.boards.net/thread/4184'),
(95, 44, 'Winter Showers Stakes', 41, 1, 12.0, '2015-11-09', 'http://seeingstars.boards.net/thread/4287'),
(96, 44, 'Ghost of Me Stakes', 41, 1, 7.0, '2015-09-22', 'http://seeingstars.boards.net/thread/3468'),
(97, 44, 'White Collar Stakes', 41, 1, 7.0, '2015-11-01', 'http://seeingstars.boards.net/thread/4180'),
(98, 39, 'Ashland Stakes', 41, 37, 8.5, '2016-04-01', 'http://seeingstars.boards.net/thread/5747'),
(99, 29, 'August 30', 41, 1, 9.0, '2015-08-30', 'http://seeingstars.boards.net/thread/3114'),
(100, 29, 'September 1', 41, 1, 9.0, '2015-09-01', 'http://seeingstars.boards.net/thread/3143'),
(101, 29, 'September 8', 41, 1, 9.0, '2015-09-08', 'http://seeingstars.boards.net/thread/3286'),
(102, 29, 'September 30', 41, 1, 8.0, '2015-09-30', 'http://seeingstars.boards.net/thread/3609'),
(103, 44, 'Motivational Stakes', 41, 1, 7.0, '2015-11-17', 'http://seeingstars.boards.net/thread/4417'),
(105, 33, 'Firebreak Stakes', 41, 2, 8.0, '2016-03-14', 'http://seeingstars.boards.net/thread/5595'),
(106, 44, 'Butterfly Effect Stakes', 42, 1, 10.0, '2016-03-28', 'http://seeingstars.boards.net/thread/5792'),
(107, 29, 'March 25', 42, 1, 9.0, '2016-03-27', 'http://seeingstars.boards.net/thread/5748'),
(108, 44, 'Story of my Life Handicap', 41, 2, 10.0, '2015-12-28', 'http://seeingstars.boards.net/thread/4661/'),
(109, 44, 'Sympathy for the Devil Stakes', 41, 2, 9.0, '2015-12-10', 'http://seeingstars.boards.net/thread/4589/'),
(110, 44, 'Swing & Sway Handicap', 41, 2, 9.0, '2015-11-21', 'http://seeingstars.boards.net/thread/4437'),
(111, 44, 'Gold Rush Stakes', 42, 2, 7.0, '2015-11-21', 'http://seeingstars.boards.net/thread/4436/'),
(112, 44, 'Groupie Doll Stakes', 41, 2, 8.0, '2015-11-20', 'http://seeingstars.boards.net/thread/4438/'),
(113, 44, 'Lords & Ladies Stakes', 42, 1, 13.0, '2015-11-20', 'http://seeingstars.boards.net/thread/4418'),
(114, 44, 'Underground Handicap', 42, 2, 11.0, '2015-11-19', 'http://seeingstars.boards.net/thread/4443/'),
(115, 44, 'Alley Oop Stakes', 42, 2, 10.0, '2015-11-15', 'http://seeingstars.boards.net/thread/4348/'),
(116, 44, 'Fall Handicap Classic', 41, 2, 8.5, '2015-11-15', 'http://seeingstars.boards.net/thread/4347'),
(117, 44, 'Up, Up and Away Handicap', 42, 1, 9.0, '2015-11-16', 'http://seeingstars.boards.net/thread/4286/'),
(118, 44, 'Pallimpsest Stakes', 42, 2, 8.0, '2015-11-14', 'http://seeingstars.boards.net/thread/4224/'),
(119, 44, 'Now You Know Handicap', 42, 2, 15.0, '2015-11-12', 'http://seeingstars.boards.net/thread/4226'),
(120, 44, 'Volcanic Stakes', 41, 3, 9.0, '2015-11-12', 'http://seeingstars.boards.net/thread/4181/'),
(121, 44, 'A Sound of Thunder Handicap', 41, 2, 9.5, '2015-11-12', 'http://seeingstars.boards.net/thread/4225/'),
(122, 44, 'Calumet Breeders Stakes', 42, 1, 12.0, '2015-11-08', 'http://seeingstars.boards.net/thread/4185/'),
(123, 44, 'Lord Commander Stakes', 42, 1, 7.0, '2015-11-04', 'http://seeingstars.boards.net/thread/4183'),
(124, 44, 'Halloween Classic Stakes', 41, 2, 10.0, '2015-10-30', 'http://seeingstars.boards.net/thread/4114/'),
(125, 44, 'Tiki Tavi Stakes', 41, 2, 6.0, '2015-10-30', 'http://seeingstars.boards.net/thread/4113/'),
(126, 44, 'Two Minutes to Midnight Stakes', 41, 1, 10.0, '2015-10-25', 'http://seeingstars.boards.net/thread/4110'),
(127, 44, 'Alphabet Soup Stakes', 41, 2, 11.5, '2015-10-23', 'http://seeingstars.boards.net/thread/4079/'),
(128, 44, 'More Than Ready Handicap', 42, 2, 9.0, '2015-10-23', 'http://seeingstars.boards.net/thread/4078/'),
(129, 44, 'Real Quiet Stakes', 41, 2, 7.0, '2015-10-23', 'http://seeingstars.boards.net/thread/4077/'),
(130, 44, 'Devil''s House Handicap', 41, 1, 8.5, '2015-10-23', 'http://seeingstars.boards.net/thread/4050/'),
(131, 44, 'Blaze of Glory Stakes', 41, 2, 10.0, '2015-10-20', 'http://seeingstars.boards.net/thread/4021/'),
(132, 44, 'Diamond Dog Stakes', 42, 1, 12.0, '2015-10-19', 'http://seeingstars.boards.net/thread/3863/'),
(133, 44, 'Tick Tock Handicap', 41, 2, 9.0, '2015-10-18', 'http://seeingstars.boards.net/thread/3839/'),
(134, 44, 'Quick Brown Fox Stakes', 41, 2, 6.0, '2015-10-15', 'http://seeingstars.boards.net/thread/3838'),
(135, 44, 'Low Rider Handicap', 41, 1, 8.5, '2015-10-12', 'http://seeingstars.boards.net/thread/3821/'),
(136, 44, 'Sharp as Knives Stakes', 41, 2, 9.5, '2015-10-08', 'http://seeingstars.boards.net/thread/3625'),
(137, 44, 'Hurricane Hustle Handicap', 42, 2, 7.0, '2015-10-08', 'http://seeingstars.boards.net/thread/3624'),
(138, 44, 'King of the Mountain Stakes', 42, 1, 12.0, '2015-10-06', 'http://seeingstars.boards.net/thread/3612'),
(139, 44, 'Too Fast Handicap', 41, 1, 9.0, '2015-10-04', 'http://seeingstars.boards.net/thread/3611/'),
(140, 44, 'Lunar Eclipse Stakes', 42, 1, 8.0, '2015-10-03', 'http://seeingstars.boards.net/thread/3610'),
(141, 44, 'Stand and Deliver Stakes', 41, 3, 8.0, '2016-03-27', 'http://seeingstars.boards.net/thread/5785'),
(142, 44, 'Moonlight Stakes', 41, 2, 12.0, '2016-03-27', 'http://seeingstars.boards.net/thread/5793/'),
(143, 44, 'Heart and Soul Stakes', 42, 2, 9.0, '2015-10-02', 'http://seeingstars.boards.net/thread/3584/'),
(144, 44, 'Let Me In Handicap', 41, 2, 7.0, '2015-10-02', 'http://seeingstars.boards.net/thread/3583'),
(146, 44, 'Walk the Dog Handicap', 41, 1, 9.0, '2015-09-30', 'http://seeingstars.boards.net/thread/3565/'),
(147, 44, 'Stars Align Spring Stakes', 42, 2, 7.0, '2015-09-28', 'http://seeingstars.boards.net/thread/3515/'),
(148, 31, 'Phalaris Stakes', 42, 37, 7.0, '2015-09-26', 'http://seeingstars.boards.net/thread/3410'),
(149, 44, 'Do or Do Not Handicap', 42, 2, 9.0, '2015-09-22', 'http://seeingstars.boards.net/thread/3397/'),
(150, 29, 'September 19', 41, 1, 9.0, '2015-09-22', 'http://seeingstars.boards.net/thread/3421'),
(151, 44, 'North Star Stakes', 42, 1, 10.0, '2015-09-22', 'http://seeingstars.boards.net/thread/3369/'),
(152, 44, 'Come What May Stakes', 41, 2, 6.0, '2015-09-22', 'http://seeingstars.boards.net/thread/3396/'),
(153, 29, 'September 15', 41, 1, 12.0, '2015-09-15', 'http://seeingstars.boards.net/thread/3371/'),
(156, 44, 'Whirlwind Tour Handicap', 42, 2, 9.0, '2015-06-27', 'http://seeingstars.boards.net/thread/2288'),
(158, 31, 'Da Hoss Handicap', 42, 37, 7.5, '2015-09-18', 'http://seeingstars.boards.net/thread/3339/da-hoss-handicap-turf-completed'),
(159, 31, 'California Flag Handicap', 42, 37, 6.0, '2015-09-18', 'http://seeingstars.boards.net/thread/3338/california-flag-handicap-turf-completed'),
(160, 31, 'Shackleford Handicap', 41, 37, 8.0, '2015-09-18', 'http://seeingstars.boards.net/thread/3340/shackleford-handicap-8f-dirt-completed'),
(161, 44, 'Heart On Your Sleeve Stakes', 42, 2, 7.5, '2015-09-16', 'http://seeingstars.boards.net/thread/3304'),
(162, 29, 'September 10', 42, 1, 10.0, '2015-09-15', 'http://seeingstars.boards.net/thread/3312/sept-maiden-special-weight-completed'),
(163, 44, 'New Earth Handicap', 42, 1, 12.0, '2015-09-15', 'http://seeingstars.boards.net/thread/3283'),
(164, 44, 'Tooth and Claw Stakes', 41, 1, 9.5, '2015-09-15', 'http://seeingstars.boards.net/thread/3282'),
(165, 31, 'Forego Stakes', 41, 37, 7.0, '2015-09-12', 'http://seeingstars.boards.net/thread/3169/forego-stakes-7f-dirt-completed'),
(166, 44, 'Skip To My Loo Stakes', 42, 1, 7.0, '2015-09-11', 'http://seeingstars.boards.net/thread/3281/skip-loo-stakes-dirt-completed'),
(167, 44, 'Six Step Sprint Stakes', 41, 2, 6.0, '2015-09-09', 'http://seeingstars.boards.net/thread/3171/step-sprint-stakes-dirt-completed'),
(168, 44, 'Boardwalk Distaff Stakes', 41, 2, 8.0, '2015-09-08', 'http://seeingstars.boards.net/thread/3173/boardwalk-distaff-stakes-dirt-completed'),
(169, 31, 'Danehill Memorial Stakes', 42, 37, 7.0, '2015-09-12', 'http://seeingstars.boards.net/thread/3167/danehill-memorial-stakes-turf-completed'),
(170, 31, 'Miesque Memorial Stakes', 42, 37, 8.0, '2015-09-12', 'http://seeingstars.boards.net/thread/3168'),
(171, 44, 'Williamstown Stakes', 42, 2, 13.0, '2015-09-09', 'http://seeingstars.boards.net/thread/3142'),
(172, 44, 'Scaredy Cat Stakes', 42, 1, 13.0, '2015-09-08', 'http://seeingstars.boards.net/thread/3147/scaredy-cat-stakes-turf-completed'),
(173, 44, 'Washoe Club Handicap', 41, 1, 9.0, '2015-09-05', 'http://seeingstars.boards.net/thread/3146'),
(174, 31, 'Gulch Handicap', 41, 37, 7.0, '2015-09-05', 'http://seeingstars.boards.net/thread/3109/gulch-handicap-7f-dirt-completed'),
(175, 44, 'Haypenny Handicap', 41, 1, 8.5, '2015-09-02', 'http://seeingstars.boards.net/thread/3119/haypenny-handicap-5f-dirt-completed'),
(176, 29, 'August 31', 42, 1, 8.0, '2015-09-01', 'http://seeingstars.boards.net/thread/3125/august-maiden-special-weight-completed'),
(179, 44, 'Precisionist Handicap', 41, 2, 6.0, '2015-08-31', 'http://seeingstars.boards.net/thread/3090/precisionist-handicap-dirt-giii-completed'),
(180, 44, 'Fancy Free Stakes', 42, 1, 13.0, '2015-08-30', 'http://seeingstars.boards.net/thread/3037/fancy-free-stakes-turf-completed'),
(181, 31, 'Memories of Silver Stakes', 42, 37, 9.0, '2015-09-29', 'http://seeingstars.boards.net/thread/3069/memories-silver-stakes-turf-completed'),
(182, 31, 'Lost in the Fog Stakes', 41, 37, 7.0, '2015-08-29', 'http://seeingstars.boards.net/thread/3071/lost-fog-stakes-dirt-completed'),
(185, 44, 'Heart in Stone Handicap', 42, 2, 15.0, '2015-08-27', 'http://seeingstars.boards.net/thread/2805'),
(186, 44, 'Round the Bend Stakes', 42, 2, 9.0, '2015-08-26', 'http://seeingstars.boards.net/thread/2804/round-bend-stakes-turf-completed'),
(187, 44, 'Digging Dinosaurs Handicap', 41, 1, 11.5, '2015-09-30', 'http://seeingstars.boards.net/thread/3036'),
(188, 31, 'Sadlers Wells Handicap', 42, 37, 15.0, '2015-09-23', 'http://seeingstars.boards.net/thread/2966/sadlers-wells-handicap-turf-completed'),
(189, 31, 'Flawlessly Memorial Handicap', 42, 37, 10.0, '2015-09-23', 'http://seeingstars.boards.net/thread/2965/flawlessly-memorial-handicap-turf-completed'),
(190, 31, 'Bold Ruler Handicap', 41, 37, 6.0, '2021-03-07', 'http://seeingstars.boards.net/thread/2967'),
(191, 44, 'Haunted Hullabaloo Handicap', 41, 2, 7.0, '2015-09-22', 'http://seeingstars.boards.net/thread/2803'),
(192, 29, 'August 7', 41, 1, 9.0, '2015-08-18', 'http://seeingstars.boards.net/thread/2887/august-maiden-special-weight-completed'),
(193, 44, 'Hot to Trot Stakes', 42, 1, 12.5, '2015-09-18', 'http://seeingstars.boards.net/thread/2760'),
(194, 44, 'Monkey See Money Do Handicap', 41, 1, 10.0, '2015-08-18', 'http://seeingstars.boards.net/thread/2759/monkey-handicap-10f-dirt-completed'),
(195, 31, 'Dr. Fager Memorial Stakes', 41, 37, 7.0, '2015-08-16', 'http://seeingstars.boards.net/thread/2924/fager-memorial-stakes-dirt-completed'),
(196, 31, 'Ouija Board Stakes', 42, 37, 9.0, '2015-08-16', 'http://seeingstars.boards.net/thread/2925/ouija-board-stakes-turf-completed'),
(197, 31, 'Round Table Memorial Stakes', 42, 37, 13.0, '2015-08-16', 'http://seeingstars.boards.net/thread/2923/round-table-memorial-stakes-completed'),
(198, 31, 'Go For Wand Memorial Handicap', 41, 37, 8.5, '2015-08-10', 'http://seeingstars.boards.net/thread/2855/wand-memorial-handicap-dirt-completed'),
(199, 31, 'Lady&#039;s Secret Stakes (Fillies Only)', 41, 37, 9.0, '2015-08-02', 'http://seeingstars.boards.net/thread/2711/ladys-secret-stakes-fillies-completed'),
(200, 44, 'Eveready Handicap', 42, 1, 8.0, '2015-12-13', 'http://seeingstars.boards.net/thread/2554'),
(201, 30, 'July 13 NW x 2/Optional Claiming', 41, 1, 10.0, '2015-08-18', 'http://seeingstars.boards.net/thread/3027/august-optional-claiming-turf-completed'),
(202, 29, 'July 24', 42, 1, 8.0, '2015-08-07', 'http://seeingstars.boards.net/thread/2690/july-maiden-special-weight-completed'),
(203, 30, 'August 18', 42, 37, 9.0, '2015-08-29', 'http://seeingstars.boards.net/thread/3027/august-optional-claiming-turf-completed'),
(207, 38, 'Wood Memorial', 41, 37, 9.0, '1000-01-01', 'http://seeingstars.boards.net/thread/5903'),
(208, 39, 'Gazelle Stakes', 41, 37, 9.0, '1000-01-01', 'http://seeingstars.boards.net/thread/5902'),
(209, 44, 'Headless Horseman Stakes', 41, 2, 9.0, '2016-04-09', 'http://seeingstars.boards.net/thread/5853'),
(210, 44, 'Salsa Two Step Handicap', 41, 2, 10.5, '2016-04-09', 'http://seeingstars.boards.net/thread/5795'),
(211, 44, 'Falsehoods Stakes', 41, 3, 8.0, '2016-04-12', 'http://seeingstars.boards.net/thread/5913'),
(212, 44, 'Live Clean', 41, 1, 10.0, '2015-07-29', 'http://seeingstars.boards.net/thread/2555'),
(213, 44, 'Heartspark Handicap', 41, 1, 7.0, '2015-07-06', 'http://seeingstars.boards.net/thread/2378'),
(214, 44, 'Faint at Heart Handicap', 41, 2, 12.0, '2015-03-31', 'http://seeingstars.boards.net/thread/1759'),
(215, 44, 'March 26', 41, 1, 12.0, '2016-03-28', 'http://seeingstars.boards.net/thread/5771'),
(216, 44, 'Arlington Handicap', 42, 1, 12.0, '2015-07-27', 'http://seeingstars.boards.net/thread/2538/arlington-handicap-12f-turf-completed'),
(217, 44, 'Up With the Birds Handicap', 42, 1, 9.0, '2015-07-27', 'http://seeingstars.boards.net/thread/2537/birds-handicap-9f-turf-completed'),
(218, 44, 'Canturbury Stakes', 41, 1, 7.0, '2015-07-27', 'http://seeingstars.boards.net/thread/2536/canterbury-stakes-7f-dirt-completed'),
(219, 31, 'Busher Handicap', 41, 37, 9.5, '2015-07-26', 'http://seeingstars.boards.net/thread/2617/busher-handicap-5f-dirt-completed'),
(220, 29, 'July 12', 41, 1, 9.0, '2015-07-23', 'http://seeingstars.boards.net/thread/2541/july-maiden-special-weight-completed'),
(221, 31, 'Personal Ensign Memorial Stakes', 41, 37, 9.0, '2015-07-19', 'http://seeingstars.boards.net/thread/2529'),
(222, 44, 'Phoenix Stone Stakes', 41, 2, 10.0, '2016-04-11', 'http://seeingstars.boards.net/thread/5918'),
(223, 44, 'Lockdown Handicap', 41, 2, 10.0, '2016-04-12', 'http://seeingstars.boards.net/thread/5912'),
(224, 31, 'Distaff', 41, 37, 9.0, '2015-11-01', 'http://seeingstars.boards.net/thread/4135'),
(225, 31, 'Turf', 42, 37, 12.0, '2015-11-01', 'http://seeingstars.boards.net/thread/4134'),
(226, 31, 'Marathon', 42, 37, 15.0, '2015-11-01', 'http://seeingstars.boards.net/thread/4132'),
(227, 31, 'Filly & Mare', 42, 37, 10.0, '2015-11-01', 'http://seeingstars.boards.net/thread/4133'),
(228, 31, 'Turf Mile', 42, 37, 8.0, '2015-11-01', 'http://seeingstars.boards.net/thread/4131'),
(229, 31, 'Dirt Sprint', 41, 37, 7.0, '2015-11-01', 'http://seeingstars.boards.net/thread/4128'),
(230, 31, 'Turf Sprint', 42, 37, 7.0, '2015-11-01', 'http://seeingstars.boards.net/thread/4129'),
(231, 44, 'Uncharted Handicap', 42, 2, 9.0, '2016-04-13', 'http://seeingstars.boards.net/thread/5935/'),
(232, 44, 'Last Fantasy Handicap', 41, 2, 10.0, '2016-04-14', 'http://seeingstars.boards.net/thread/5944'),
(233, 44, 'Cheap Thrills Stakes', 41, 2, 9.0, '2016-04-14', 'http://seeingstars.boards.net/thread/5951/'),
(234, 44, 'Tools of Destruction Stakes', 41, 2, 8.0, '1000-01-01', 'http://seeingstars.boards.net/thread/5975'),
(235, 44, 'Red Fox Handicap', 42, 2, 12.5, '2016-04-23', 'http://seeingstars.boards.net/thread/5952'),
(236, 44, 'Big Boss Handicap', 41, 1, 8.0, '2015-10-19', 'http://seeingstars.boards.net/thread/3862'),
(237, 44, 'Going Commando Stakes', 41, 2, 8.0, '2016-04-19', 'http://seeingstars.boards.net/thread/5991/'),
(238, 44, 'Socket & Clink Stakes', 41, 1, 9.0, '2016-04-20', 'http://seeingstars.boards.net/thread/6001'),
(239, 44, 'A Thief''s End Handicap', 41, 3, 9.0, '2016-04-23', 'http://seeingstars.boards.net/thread/6004'),
(240, 30, 'RHA April 19 Under 75', 41, 2, 7.0, '1000-01-01', 'http://seeingstars.boards.net/thread/5999'),
(241, 30, 'April 19 Under 70', 42, 2, 9.0, '1000-01-01', 'http://seeingstars.boards.net/thread/6003'),
(242, 30, 'April 20 Under 75', 42, 2, 10.0, '2016-04-23', 'http://seeingstars.boards.net/thread/6013'),
(243, 44, 'Living Large Stakes', 41, 1, 9.0, '2016-04-22', 'http://seeingstars.boards.net/thread/6026'),
(244, 30, 'April 21 Under 75', 41, 2, 8.0, '1000-01-01', 'http://seeingstars.boards.net/thread/6027'),
(245, 30, 'April 21 Under 70', 41, 2, 10.0, '1000-01-01', 'http://seeingstars.boards.net/thread/6025'),
(246, 30, 'RKO Haven Marathon AL 70 & Under', 42, 2, 12.0, '2016-04-08', 'http://seeingstars.boards.net/thread/5840/rko-haven-marathon-turf-allowance'),
(247, 44, 'RKO Haven Sprint', 41, 1, 6.0, '2015-04-11', 'http://seeingstars.boards.net/thread/279/haven-sprint-level-track-completed'),
(248, 30, 'Apr. 7th Allowance, 3 or less wins', 41, 37, 12.0, '2015-04-13', 'http://seeingstars.boards.net/thread/1049/allowance-less-wins-dirt-completed'),
(249, 30, 'RKO Haven Distance, allowance, 3 or less wins', 42, 37, 16.0, '2015-04-20', 'http://seeingstars.boards.net/thread/1050/haven-distance-allowance-less-completed'),
(250, 29, 'RKO Haven Derby Fun', 42, 37, 8.0, '2015-04-20', 'http://seeingstars.boards.net/thread/1276/haven-derby-maiden-level-completed'),
(251, 44, 'RKO Haven Sprint', 41, 1, 6.0, '2015-05-08', 'http://seeingstars.boards.net/thread/1568/rko-haven-sprint-dirt-completed'),
(252, 29, 'May 7 (70 and under)', 42, 37, 8.0, '2015-05-07', 'http://seeingstars.boards.net/thread/1602/maiden-special-weight-70-turf'),
(253, 44, 'RKO Haven Summer Start Marathon', 42, 1, 16.0, '2015-06-10', 'http://seeingstars.boards.net/thread/2015/haven-summer-start-marathon-completed'),
(254, 44, 'RKO Haven Summer Start Sprint', 42, 1, 6.0, '2015-06-10', 'http://seeingstars.boards.net/thread/2014/haven-summer-start-sprint-completed'),
(255, 29, 'RKO Haven Summer Start Stakes 65 & Under', 42, 1, 8.0, '2015-06-10', 'http://seeingstars.boards.net/thread/2013/haven-summer-start-stakes-completed'),
(256, 44, 'RKO Haven GII 75 & Over Classic', 41, 3, 8.0, '2015-06-25', 'http://seeingstars.boards.net/thread/2150/haven-over-classic-dirt-completed'),
(257, 29, 'RKO Have Run for Fun', 41, 1, 11.0, '2015-07-08', 'http://seeingstars.boards.net/thread/2151/maiden-special-weight-dirt-complete'),
(258, 44, 'RKO Haven Stakes', 41, 1, 8.0, '2016-01-16', 'http://seeingstars.boards.net/thread/4986/rko-haven-stakes-dirt-completed'),
(259, 50, 'Sam Houston Opening Day', 41, 37, 8.0, '2016-01-17', 'http://seeingstars.boards.net/thread/4988/houston-opening-fillies-prep-complete'),
(260, 48, 'Sam Houston Opening Day Colts', 41, 37, 8.0, '2016-01-17', 'http://seeingstars.boards.net/thread/4987/houston-opening-colts-prep-completed'),
(261, 50, 'San Jacinto Turf Stakes', 42, 37, 12.0, '2016-01-19', 'http://seeingstars.boards.net/thread/5025/jacinto-turf-stakes-classic-complete'),
(262, 50, 'Bara Lass Stakes', 41, 37, 10.0, '2016-01-19', 'http://seeingstars.boards.net/thread/5024/bara-stakes-ladies-classic-complete'),
(263, 29, 'RKO Texas Two Step', 42, 1, 12.0, '2016-01-19', 'http://seeingstars.boards.net/thread/5023/texas-maiden-special-weight-complet'),
(264, 50, 'Yellow Rose Stakes', 41, 37, 9.0, '2016-01-19', 'http://seeingstars.boards.net/thread/5026/yellow-stakes-ladies-classic-complete'),
(265, 50, 'Texas Ladies Night Out', 42, 37, 8.0, '2016-01-21', 'http://seeingstars.boards.net/thread/5050/texas-ladies-night-fillys-complete'),
(266, 48, 'Richard King Turf Stakes Colts', 42, 37, 12.0, '2016-01-21', 'http://seeingstars.boards.net/thread/5051/richard-king-turf-stakes-colts'),
(267, 48, 'Star Of Texas Stakes Colts', 41, 37, 9.0, '2016-01-21', 'http://seeingstars.boards.net/thread/5047/star-texas-stakes-colts-completed'),
(268, 50, 'Texas Holdum Fillys', 42, 37, 10.0, '2016-01-21', 'http://seeingstars.boards.net/thread/5049/texas-holdum-prep-fillys-completed'),
(269, 53, 'Groovy Stakes Colts', 41, 37, 12.0, '2016-01-21', 'http://seeingstars.boards.net/thread/5045/groovy-stakes-prep-colts-completed'),
(270, 50, 'Belle Of Texas Fillys', 42, 37, 8.5, '2016-01-21', 'http://seeingstars.boards.net/thread/5048/belle-texas-prep-fillys-completed'),
(271, 53, 'Spirit Of Texas StakesvColts', 41, 37, 10.0, '2016-01-23', 'http://seeingstars.boards.net/thread/5046/spirit-texas-stakes-colts-complete'),
(272, 30, 'Jan 24. 2 wins less', 41, 37, 10.0, '2016-01-24', 'http://seeingstars.boards.net/thread/5103/wins-less-optional-claiming-complete'),
(273, 30, 'Jan. 24 OL 1 win / less 69 and Under', 41, 1, 7.0, '2016-01-24', 'http://seeingstars.boards.net/thread/5074/jan-win-less-dirt-completed'),
(274, 48, 'Texas Round Up Colts only', 41, 37, 8.0, '2016-01-23', 'http://seeingstars.boards.net/thread/5070/texas-round-prep-colts-completed'),
(275, 44, 'RKO Stakes', 42, 1, 8.0, '2016-01-26', 'http://seeingstars.boards.net/thread/5104/stakes-open-level-turf-completed'),
(276, 30, 'Got Game Stakes, Under 85', 41, 3, 8.5, '2016-01-26', 'http://seeingstars.boards.net/thread/5075/game-stakes-allowance-dirt-completed'),
(277, 50, 'Texas Ladies Classic Inventational Fillys', 42, 37, 8.8, '2016-01-30', 'http://seeingstars.boards.net/thread/5069/texas-ladies-classic-inventational-fillys'),
(278, 48, 'Texas Gold Stakes Colts only', 41, 37, 10.0, '2016-01-31', 'http://seeingstars.boards.net/thread/5125/texas-gold-stakes-colts-completed'),
(279, 48, 'Texas Star Stakes Colts', 41, 37, 10.5, '2016-02-01', 'http://seeingstars.boards.net/thread/5126/texas-star-stakes-colts-complete'),
(280, 30, 'RKO Haven Stakes Allowance', 41, 1, 8.5, '2016-02-02', 'http://seeingstars.boards.net/thread/5158/haven-stakes-dirt-allowance-comple'),
(281, 44, 'RKO Haven Marathon', 42, 1, 15.5, '2016-02-05', 'http://seeingstars.boards.net/thread/5159/haven-marathon-open-level-completed'),
(282, 53, 'Maxxam Gold Cup Invitational Colts', 41, 37, 12.0, '2016-02-27', 'http://seeingstars.boards.net/thread/5183/maxxam-gold-inventational-colts-completed'),
(283, 30, 'RKO Fools Run Under 70 Allowance', 42, 37, 15.5, '2016-03-30', 'http://seeingstars.boards.net/thread/5820/fools-open-level-turf-allowance'),
(284, 30, 'Lone Star Pick Up', 41, 1, 12.0, '2016-04-05', 'http://seeingstars.boards.net/thread/5819/lone-star-pick-dirt-allowance'),
(285, 30, 'RKO Haven Sprint OL 1 win or less Allowance', 41, 1, 6.0, '2016-04-07', 'http://seeingstars.boards.net/thread/5841/haven-sprint-less-allowance-dirt'),
(286, 30, 'RKO Haven Marathon AL', 42, 37, 12.0, '2016-04-08', 'http://seeingstars.boards.net/thread/5840/rko-haven-marathon-turf-allowance'),
(287, 44, 'Best In Show', 42, 1, 9.0, '1000-01-01', 'http://seeingstars.boards.net/thread/6018/best-show-stakes-9f-closed'),
(288, 44, 'Melon Ball', 42, 1, 10.0, '2016-04-20', 'http://seeingstars.boards.net/thread/6014/melon-ball-stakes-10f-closed'),
(289, 29, 'Callie Cat', 42, 1, 8.0, '1000-01-01', 'http://seeingstars.boards.net/thread/5982/callie-cat-maiden-8f-open'),
(290, 29, 'Taco Taco', 42, 1, 6.0, '2016-04-16', 'http://seeingstars.boards.net/thread/5973/taco-maiden-6f-tf-closed'),
(291, 44, 'Sample Run', 42, 1, 12.0, '2016-04-15', 'http://seeingstars.boards.net/thread/5969/sample-run-maiden-12f-open'),
(292, 44, 'Fucidin Stakes', 42, 1, 15.0, '2016-04-15', 'http://seeingstars.boards.net/thread/5875/fucidin-stakes-15f-tf-closed'),
(293, 29, 'Long Run', 42, 1, 15.0, '2016-04-15', 'http://seeingstars.boards.net/thread/5947/long-run-maiden-15f-closed'),
(294, 29, 'Avery', 41, 1, 8.0, '2016-04-15', 'http://seeingstars.boards.net/thread/5974/avery-maiden-8f-dt-closed'),
(295, 29, 'Toffee Nut', 42, 1, 6.0, '2016-04-14', 'http://seeingstars.boards.net/thread/5945/toffee-nut-maiden-6f-closed'),
(296, 29, 'Wildlife', 41, 1, 12.0, '2016-04-14', 'http://seeingstars.boards.net/thread/5946/wildlife-maiden-12f-dt-closed'),
(297, 29, 'Caramel Cocoa', 42, 1, 6.0, '2016-04-13', 'http://seeingstars.boards.net/thread/5892/caramel-cocoa-maiden-6f-closed'),
(298, 38, 'Citation Memorial', 42, 37, 12.0, '2011-05-02', 'http://z7.invisionfree.com/seeingstars/index.php?showtopic=9148'),
(299, 38, 'Man O War Stakes', 41, 37, 12.5, '2011-04-28', 'http://z7.invisionfree.com/seeingstars/index.php?showtopic=8942'),
(300, 38, 'Secretariat Dash', 42, 37, 8.0, '2011-04-12', 'http://z7.invisionfree.com/seeingstars/index.php?showtopic=8445'),
(301, 47, 'Seabiscuit Stakes', 41, 37, 9.0, '2011-03-31', 'http://z7.invisionfree.com/seeingstars/index.php?showtopic=8494'),
(302, 44, 'RKO Haven Derby', 42, 37, 12.0, '2011-03-25', 'http://z7.invisionfree.com/seeingstars/index.php?showtopic=7849'),
(303, 44, 'RKO Haven Race', 41, 37, 11.0, '2011-02-10', 'http://z7.invisionfree.com/seeingstars/index.php?showtopic=7324'),
(304, 44, 'RKO Stallion Classic', 42, 37, 15.0, '2011-06-25', 'http://z7.invisionfree.com/seeingstars/index.php?showtopic=9739'),
(305, 38, 'SS Belmont Stakes', 41, 37, 10.5, '2011-06-15', 'http://z7.invisionfree.com/seeingstars/index.php?showtopic=9726'),
(306, 44, 'RKO Haven Sprint', 41, 37, 7.0, '2011-06-12', 'http://z7.invisionfree.com/seeingstars/index.php?showtopic=9741'),
(307, 44, 'RKO Haven Sprint', 41, 37, 7.0, '2011-06-06', 'http://z7.invisionfree.com/seeingstars/index.php?showtopic=9741'),
(308, 44, 'Run For Fun Stakes', 41, 37, 7.0, '2011-06-04', 'http://z7.invisionfree.com/seeingstars/index.php?showtopic=9289'),
(309, 44, 'Derby Time', 41, 37, 12.5, '2011-05-27', 'http://z7.invisionfree.com/seeingstars/index.php?showtopic=9225'),
(310, 38, 'Gold Standard Dash', 41, 37, 10.0, '2011-05-25', 'http://z7.invisionfree.com/seeingstars/index.php?showtopic=9291'),
(311, 38, 'Run for the Gold', 42, 37, 11.0, '2011-05-12', 'http://z7.invisionfree.com/seeingstars/index.php?showtopic=9238'),
(312, 44, 'RKO Haven Spring Sprint', 41, 37, 7.0, '2011-05-04', 'http://z7.invisionfree.com/seeingstars/index.php?showtopic=8450'),
(313, 44, 'RKO Summer Time Sprint', 42, 37, 6.0, '2011-07-22', 'http://z7.invisionfree.com/seeingstars/index.php?showtopic=10117'),
(314, 44, 'RKO Long Haul Dash', 42, 37, 17.0, '2011-07-21', 'http://z7.invisionfree.com/seeingstars/index.php?showtopic=10119'),
(315, 44, 'RKO Fun Time Stakes', 42, 37, 11.0, '2011-07-08', 'http://z7.invisionfree.com/seeingstars/index.php?showtopic=10118'),
(316, 36, 'RKO Cherryblossom Classic', 42, 37, 10.0, '2011-06-25', 'http://z7.invisionfree.com/seeingstars/index.php?showtopic=9740'),
(317, 44, 'Home for the Holiday Sprint', 42, 37, 6.0, '2011-11-29', 'http://z7.invisionfree.com/seeingstars/index.php?showtopic=11570'),
(318, 44, 'Wonder Of Summer', 42, 2, 11.0, '2011-06-09', 'http://z7.invisionfree.com/seeingstars/index.php?showtopic=9780'),
(319, 44, 'RKO Winter Sprint', 42, 1, 8.0, '2011-11-21', 'http://z7.invisionfree.com/seeingstars/index.php?showtopic=11507'),
(320, 44, 'Santa''s Helper Sprint', 41, 2, 8.0, '2011-12-19', 'http://z7.invisionfree.com/seeingstars/index.php?showtopic=11656'),
(321, 31, 'Santa Express Stakes', 42, 37, 16.0, '2011-12-09', 'http://z7.invisionfree.com/seeingstars/index.php?showtopic=11654'),
(322, 44, 'Rock Around The Tree Dash', 41, 37, 10.5, '2011-11-29', 'http://z7.invisionfree.com/seeingstars/index.php?showtopic=11651'),
(323, 44, 'Holiday Cheer Sprint', 42, 2, 6.0, '2011-12-30', 'http://z7.invisionfree.com/seeingstars/index.php?showtopic=11905'),
(324, 44, 'New Year Dash ', 42, 37, 8.0, '2011-12-30', 'http://z7.invisionfree.com/seeingstars/index.php?showtopic=11902'),
(325, 44, 'Spring Fling Sprint', 41, 1, 6.0, '2011-01-15', 'http://z7.invisionfree.com/seeingstars/index.php?showtopic=12076'),
(326, 44, 'RKO Marathon', 42, 1, 15.5, '2010-12-15', 'http://z7.invisionfree.com/seeingstars/index.php?showtopic=12078'),
(327, 44, 'Rockin Robin Stakes', 42, 1, 12.5, '2011-01-15', 'http://z7.invisionfree.com/seeingstars/index.php?showtopic=12077'),
(328, 44, 'Chippindales Stakes - Colts only - Breeders Cup', 41, 37, 10.5, '2011-01-13', 'http://z7.invisionfree.com/seeingstars/index.php?showtopic=12051'),
(329, 31, 'Ladies Night Out Dash (Fillies Only)', 42, 37, 8.0, '2011-01-12', 'http://z7.invisionfree.com/seeingstars/index.php?showtopic=12038'),
(330, 31, 'Mid Winter Ball Stakes', 41, 37, 10.5, '2011-01-12', 'http://z7.invisionfree.com/seeingstars/index.php?showtopic=12036'),
(331, 36, 'Beauty Queen Stakes', 41, 1, 9.5, '2012-01-31', 'http://z7.invisionfree.com/seeingstars/index.php?showtopic=12159'),
(332, 44, 'Spring Flowers Sprint', 42, 1, 6.0, '2012-01-28', 'http://z7.invisionfree.com/seeingstars/index.php?showtopic=12147'),
(333, 44, 'Run for Fun Dash', 41, 1, 10.0, '2012-01-28', 'http://z7.invisionfree.com/seeingstars/index.php?showtopic=12149'),
(334, 44, 'Winter Cheer Stakes', 42, 1, 12.0, '2012-01-28', 'http://z7.invisionfree.com/seeingstars/index.php?showtopic=12131'),
(335, 44, 'Stormy Weather Dash', 41, 1, 6.0, '2012-01-25', 'http://z7.invisionfree.com/seeingstars/index.php?showtopic=12137'),
(336, 44, 'Bold Ruler Marathon', 42, 1, 15.0, '2012-01-25', 'http://z7.invisionfree.com/seeingstars/index.php?showtopic=12138'),
(337, 44, 'Texas Twister Stakes', 41, 3, 10.5, '2012-02-06', 'http://z7.invisionfree.com/seeingstars/index.php?showtopic=12188'),
(338, 44, 'Spring Flowers Dash', 42, 1, 8.0, '2012-02-06', 'http://z7.invisionfree.com/seeingstars/index.php?showtopic=12189'),
(339, 44, 'Fair Weather Marathon', 42, 1, 15.5, '2012-02-06', 'http://z7.invisionfree.com/seeingstars/index.php?showtopic=12190'),
(340, 44, 'Rainy Day Sprint', 41, 1, 6.0, '2012-02-04', 'http://z7.invisionfree.com/seeingstars/index.php?showtopic=12177'),
(341, 44, 'Sunshine Derby', 41, 2, 10.0, '2012-02-04', 'http://z7.invisionfree.com/seeingstars/index.php?showtopic=12179'),
(342, 47, 'King of the Hill', 41, 1, 9.5, '2012-01-31', 'http://z7.invisionfree.com/seeingstars/index.php?showtopic=12160'),
(343, 44, 'RKO Endurance Stakes', 42, 1, 20.0, '2012-01-28', 'http://z7.invisionfree.com/seeingstars/index.php?showtopic=12146'),
(344, 44, 'Rodeo Time Stakes', 41, 2, 10.0, '2012-02-23', 'http://z7.invisionfree.com/seeingstars/index.php?showtopic=12244'),
(345, 44, 'Love Cowboys Dash', 42, 1, 12.0, '2012-02-21', 'http://z7.invisionfree.com/seeingstars/index.php?showtopic=12245'),
(346, 47, 'RKO Kings Stakes', 42, 1, 15.5, '2012-02-19', 'http://z7.invisionfree.com/seeingstars/index.php?showtopic=12236'),
(347, 39, 'RKO Oaks', 41, 1, 8.5, '2012-02-19', 'http://z7.invisionfree.com/seeingstars/index.php?showtopic=12235'),
(348, 44, 'Dallas Round up Dash', 42, 1, 8.0, '2012-02-12', 'http://z7.invisionfree.com/seeingstars/index.php?showtopic=12217'),
(349, 44, 'RKO Champion Stakes', 42, 3, 8.8, '2012-02-11', 'http://z7.invisionfree.com/seeingstars/index.php?showtopic=12209'),
(350, 44, 'Houston Trail Stakes', 41, 1, 10.5, '2012-02-12', 'http://z7.invisionfree.com/seeingstars/index.php?showtopic=12215'),
(351, 44, 'Texas Spring Sprint', 41, 1, 6.0, '2012-02-12', 'http://z7.invisionfree.com/seeingstars/index.php?showtopic=12214'),
(352, 44, 'Del Rio Marathon', 42, 1, 16.0, '2012-02-12', 'http://z7.invisionfree.com/seeingstars/index.php?showtopic=12216'),
(353, 31, 'San Jacinto Stakes', 42, 37, 12.5, '2012-02-12', 'http://z7.invisionfree.com/seeingstars/index.php?showtopic=12218'),
(354, 44, 'RKO Haven Spring Fling', 41, 1, 12.0, '2012-02-08', 'http://z7.invisionfree.com/seeingstars/index.php?showtopic=12196'),
(355, 44, 'RKO Haven Stakes', 41, 2, 8.5, '2012-02-08', 'http://z7.invisionfree.com/seeingstars/index.php?showtopic=12197'),
(356, 44, 'Rockin Robin Stakes', 42, 1, 11.0, '2012-02-08', 'http://z7.invisionfree.com/seeingstars/index.php?showtopic=12195'),
(357, 44, 'Ready For Spring Sprint', 41, 1, 6.0, '2012-02-08', 'http://z7.invisionfree.com/seeingstars/index.php?showtopic=12194'),
(358, 57, 'March Marathon', 42, 1, 17.0, '2012-03-12', 'http://z7.invisionfree.com/seeingstars/index.php?showtopic=12369'),
(359, 44, 'Horse O Rama Sprint', 42, 3, 8.0, '2012-03-12', 'http://z7.invisionfree.com/seeingstars/index.php?showtopic=12382'),
(360, 44, 'Derby Time', 41, 2, 10.5, '2012-03-12', 'http://z7.invisionfree.com/seeingstars/index.php?showtopic=12384'),
(361, 57, 'Going For the Crown', 42, 37, 14.0, '2012-03-07', 'http://z7.invisionfree.com/seeingstars/index.php?showtopic=12312'),
(362, 44, 'Silver Spur Stakes', 41, 1, 8.0, '2012-02-24', 'http://z7.invisionfree.com/seeingstars/index.php?showtopic=12257'),
(363, 44, 'Lone Star Marathon', 42, 1, 17.0, '2012-02-24', 'http://z7.invisionfree.com/seeingstars/index.php?showtopic=12258'),
(364, 44, 'Gold Diggers Dash', 41, 1, 10.0, '2012-02-24', 'http://z7.invisionfree.com/seeingstars/index.php?showtopic=12259'),
(365, 44, 'Live Stock Dayz Sprint', 42, 1, 6.0, '2012-02-21', 'http://z7.invisionfree.com/seeingstars/index.php?showtopic=12247'),
(366, 44, 'Getalong lil Doggies Sprint', 41, 1, 6.0, '2012-02-21', 'http://z7.invisionfree.com/seeingstars/index.php?showtopic=12246'),
(367, 44, 'Breyer ELCR Dash', 42, 37, 11.0, '2012-03-18', 'http://z7.invisionfree.com/seeingstars/index.php?showtopic=12401'),
(368, 44, 'Lone Star Live Dash', 42, 2, 11.0, '2012-03-12', 'http://z7.invisionfree.com/seeingstars/index.php?showtopic=12383'),
(369, 57, 'Lord of the Turf', 42, 37, 20.0, '2012-03-14', 'http://z7.invisionfree.com/seeingstars/index.php?showtopic=12390'),
(370, 44, 'Race Time Dash', 42, 1, 11.0, '2012-03-25', 'http://z7.invisionfree.com/seeingstars/index.php?showtopic=12433'),
(371, 44, 'RKO Sprint to Win', 42, 1, 7.0, '2012-03-25', 'http://z7.invisionfree.com/seeingstars/index.php?showtopic=12434'),
(372, 44, 'RKO Sprint to Win', 42, 1, 7.0, '2012-03-25', 'http://z7.invisionfree.com/seeingstars/index.php?showtopic=12434'),
(373, 44, 'Let''s Race Stakes', 41, 1, 10.5, '2012-03-25', 'http://z7.invisionfree.com/seeingstars/index.php?showtopic=12432'),
(374, 44, 'Sprinter Love', 41, 2, 8.0, '2012-03-25', 'http://z7.invisionfree.com/seeingstars/index.php?showtopic=12435'),
(375, 44, 'Texas Summer Fun Dash', 41, 1, 8.0, '2012-08-01', 'http://z7.invisionfree.com/seeingstars/index.php?showtopic=12924'),
(376, 44, 'Summer Marathon', 42, 1, 17.0, '2012-08-01', 'http://z7.invisionfree.com/seeingstars/index.php?showtopic=12925'),
(377, 44, 'Iam Back Stakes', 42, 1, 10.0, '2012-08-01', 'http://z7.invisionfree.com/seeingstars/index.php?showtopic=12923'),
(378, 44, 'Back to School Dash', 41, 1, 6.0, '2012-08-26', 'http://z7.invisionfree.com/seeingstars/index.php?showtopic=12981'),
(379, 44, 'Texas Autum Stakes', 41, 2, 10.5, '2012-08-26', 'http://z7.invisionfree.com/seeingstars/index.php?showtopic=12982'),
(380, 44, 'Love Math Stakes', 41, 1, 8.5, '2012-08-26', 'http://z7.invisionfree.com/seeingstars/index.php?showtopic=12984'),
(381, 44, 'Fall Classic', 42, 2, 12.5, '2012-08-26', 'http://z7.invisionfree.com/seeingstars/index.php?showtopic=12980'),
(382, 44, 'Kats Back Dash', 42, 2, 8.8, '2012-08-26', 'http://z7.invisionfree.com/seeingstars/index.php?showtopic=12985'),
(383, 44, 'RKO Haven Marathon', 42, 1, 16.0, '2012-08-26', 'http://z7.invisionfree.com/seeingstars/index.php?showtopic=12983'),
(384, 44, 'Texas Classic Stakes', 41, 37, 8.0, '2014-02-13', 'http://z7.invisionfree.com/seeingstars/index.php?showtopic=16187'),
(385, 44, 'Rainy Day Sprint', 41, 1, 6.0, '2015-01-09', 'http://z7.invisionfree.com/seeingstars/index.php?showtopic=17821'),
(386, 44, 'Rainy Day Stakes', 42, 1, 12.5, '2015-01-09', 'http://z7.invisionfree.com/seeingstars/index.php?showtopic=17820'),
(387, 44, 'RKO Haven Boys Are Back', 41, 1, 8.0, '2015-01-09', 'http://z7.invisionfree.com/seeingstars/index.php?showtopic=17814'),
(388, 44, 'RKO Haven Marathon Time', 42, 2, 16.0, '2015-01-09', 'http://z7.invisionfree.com/seeingstars/index.php?showtopic=17803'),
(389, 36, 'RKO Haven Happy Lady Stakes', 41, 1, 12.0, '2015-01-09', 'http://z7.invisionfree.com/seeingstars/index.php?showtopic=17801'),
(390, 44, 'RKO Haven Champion Run', 42, 1, 11.0, '2015-01-07', 'http://z7.invisionfree.com/seeingstars/index.php?showtopic=17802'),
(391, 29, 'RKO Haven New Year Sprint', 42, 1, 7.0, '2015-01-05', 'http://z7.invisionfree.com/seeingstars/index.php?showtopic=17777'),
(392, 30, 'RKO Haven Sprint Under 65', 42, 37, 7.0, '2015-01-12', 'http://z7.invisionfree.com/seeingstars/index.php?showtopic=17843'),
(393, 30, 'RKO Haven Marathon Under 60 less than 3 win', 42, 37, 16.0, '2015-01-12', 'http://z7.invisionfree.com/seeingstars/index.php?showtopic=17845'),
(394, 30, 'RKO Haven 65 and Under Run Non-winner', 42, 37, 10.0, '2015-01-14', 'http://z7.invisionfree.com/seeingstars/index.php?showtopic=17868'),
(395, 44, 'RKO Haven 65 and Under', 42, 1, 14.0, '2015-01-14', 'http://z7.invisionfree.com/seeingstars/index.php?showtopic=17870'),
(396, 30, 'RKO Haven Stakes Under 60', 41, 1, 12.0, '2015-01-12', 'http://z7.invisionfree.com/seeingstars/index.php?showtopic=17844'),
(397, 44, 'Rainy Day Marathon', 42, 37, 15.0, '2015-01-11', 'http://z7.invisionfree.com/seeingstars/index.php?showtopic=17822'),
(398, 50, 'Yellow Rose of Texas Stakes', 41, 37, 6.0, '2015-01-19', 'http://z7.invisionfree.com/seeingstars/index.php?showtopic=17904'),
(399, 36, 'RKO Haven Daisy Fun', 42, 2, 9.0, '2015-01-18', 'http://z7.invisionfree.com/seeingstars/index.php?showtopic=17899'),
(400, 47, 'RKO Haven Ready for Fun', 41, 2, 10.0, '2015-01-18', 'http://z7.invisionfree.com/seeingstars/index.php?showtopic=17898'),
(401, 50, 'RKO Girls Night Out', 42, 37, 10.0, '2015-01-16', 'http://z7.invisionfree.com/seeingstars/index.php?showtopic=17885'),
(402, 47, 'RKO Boys Night Out', 41, 1, 9.0, '2015-01-16', 'http://z7.invisionfree.com/seeingstars/index.php?showtopic=17886'),
(403, 44, 'RKO Haven Fun At the Farm', 42, 2, 15.0, '2015-01-18', 'http://z7.invisionfree.com/seeingstars/index.php?showtopic=17900'),
(404, 44, 'RKO Lets Boogie Run', 42, 1, 13.0, '2015-01-16', 'http://z7.invisionfree.com/seeingstars/index.php?showtopic=17887'),
(405, 44, 'Sam Houston Opening Day Sprint\n', 41, 1, 6.0, '2015-01-14', 'http://z7.invisionfree.com/seeingstars/index.php?showtopic=17869'),
(406, 50, 'Houston Ladies Classic', 42, 37, 9.0, '2015-01-24', 'http://z7.invisionfree.com/seeingstars/index.php?showtopic=17952'),
(407, 50, 'Brandy Alexandera''s Stakes', 42, 37, 12.0, '2015-01-22', 'http://z7.invisionfree.com/seeingstars/index.php?showtopic=17943'),
(408, 50, 'May Follower Stakes', 42, 37, 10.0, '2015-01-22', 'http://z7.invisionfree.com/seeingstars/index.php?showtopic=17944'),
(409, 50, 'Classy Lady Sprint', 42, 37, 7.0, '2015-01-22', 'http://z7.invisionfree.com/seeingstars/index.php?showtopic=17945'),
(410, 50, 'Utility Sprint', 42, 37, 15.0, '2015-01-20', 'http://z7.invisionfree.com/seeingstars/index.php?showtopic=17933'),
(411, 50, 'Bara Lass Stakes', 41, 37, 6.0, '2016-01-20', 'http://z7.invisionfree.com/seeingstars/index.php?showtopic=17932'),
(412, 53, 'Star of Texas Stakes', 41, 37, 8.5, '2015-01-18', 'http://z7.invisionfree.com/seeingstars/index.php?showtopic=17905'),
(413, 30, 'RKO Haven Distance  65 and under 3 wins or less', 42, 37, 16.0, '2015-01-26', 'http://z7.invisionfree.com/seeingstars/index.php?showtopic=17963'),
(414, 53, 'Groovy Stakes', 41, 37, 7.0, '2015-01-23', 'http://z7.invisionfree.com/seeingstars/index.php?showtopic=17950'),
(415, 53, 'Spirit Of Texas Stakes', 41, 37, 6.0, '2015-01-23', 'http://z7.invisionfree.com/seeingstars/index.php?showtopic=17951'),
(416, 53, 'Allen&#039;s Landing Stakes', 41, 37, 6.0, '2015-01-31', 'http://z7.invisionfree.com/seeingstars/index.php?showtopic=17987'),
(417, 30, 'Feb. 1 Non winner/Optional Claiming - Less than 3 wins AOC', 41, 37, 10.0, '2015-02-01', 'http://z7.invisionfree.com/seeingstars/index.php?showtopic=17995'),
(418, 29, 'RKO Haven Stakes', 41, 37, 8.5, '2015-01-26', 'http://z7.invisionfree.com/seeingstars/index.php?showtopic=17962'),
(419, 29, 'RKO Haven Sprint', 41, 1, 6.0, '2015-01-26', 'http://z7.invisionfree.com/seeingstars/index.php?showtopic=17961'),
(420, 53, 'Richard King Stakes', 41, 37, 8.5, '2015-01-31', 'http://z7.invisionfree.com/seeingstars/index.php?showtopic=17986'),
(421, 53, 'Frontier Gentelman Stakes', 41, 37, 10.0, '2015-02-06', 'http://z7.invisionfree.com/seeingstars/index.php?showtopic=18010'),
(422, 53, 'Texas Round Up', 41, 37, 8.5, '2015-02-08', 'http://z7.invisionfree.com/seeingstars/index.php?showtopic=18015'),
(423, 30, 'RKO Haven Sprint 70 and Under 3 wins or less', 42, 37, 6.0, '2015-02-22', 'http://z7.invisionfree.com/seeingstars/index.php?showtopic=18174'),
(424, 29, 'Feb. 17', 42, 1, 8.0, '2015-02-17', 'http://z7.invisionfree.com/seeingstars/index.php?showtopic=18105'),
(425, 53, 'Maxxam(MGC) Stakes', 41, 37, 10.5, '2015-02-26', 'http://z7.invisionfree.com/seeingstars/index.php?showtopic=18035'),
(426, 30, 'Feb. 17 Under 70 Allowance 3 wins or less', 42, 37, 12.5, '2015-02-17', 'http://z7.invisionfree.com/seeingstars/index.php?showtopic=18106'),
(427, 44, 'Sunny Stakes', 41, 1, 9.0, '2011-01-17', 'http://z7.invisionfree.com/seeingstars/index.php?showtopic=7392'),
(428, 38, 'Barbaro Stakes', 42, 37, 10.0, '2011-03-25', 'http://z7.invisionfree.com/seeingstars/index.php?showtopic=8442'),
(429, 44, 'Going Long Stakes', 42, 1, 12.0, '2011-03-21', 'http://z7.invisionfree.com/seeingstars/index.php?showtopic=8398'),
(430, 38, 'John Henry Stakes', 41, 37, 6.0, '2011-04-09', 'http://z7.invisionfree.com/seeingstars/index.php?showtopic=8844'),
(431, 44, 'Golden Sun Race', 41, 1, 10.0, '2011-05-02', 'http://z7.invisionfree.com/seeingstars/index.php?showtopic=9188'),
(432, 38, 'Ruffian Stakes', 42, 37, 8.0, '2011-05-01', 'http://z7.invisionfree.com/seeingstars/index.php?showtopic=9172'),
(433, 44, 'Preakness Stakes', 41, 37, 9.5, '2011-05-20', 'http://z7.invisionfree.com/seeingstars/index.php?showtopic=9359'),
(434, 44, 'Deathly Hallows Maiden Race', 42, 1, 6.0, '2011-06-05', 'http://z7.invisionfree.com/seeingstars/index.php?showtopic=9692'),
(435, 44, 'Folkstone Stakes', 42, 1, 17.0, '2011-06-05', 'http://z7.invisionfree.com/seeingstars/index.php?showtopic=9691'),
(436, 44, 'Lumberjack Stakes', 41, 1, 11.5, '2011-08-11', 'http://z7.invisionfree.com/seeingstars/index.php?showtopic=10848'),
(437, 44, 'Citation Stakes', 41, 1, 9.0, '2011-08-08', 'http://z7.invisionfree.com/seeingstars/index.php?showtopic=10829'),
(438, 44, 'Gum Bar Classic', 42, 1, 10.0, '2011-08-12', 'http://z7.invisionfree.com/seeingstars/index.php?showtopic=10866'),
(439, 44, 'Cry Baby Stakes', 41, 2, 8.0, '2016-04-24', 'http://seeingstars.boards.net/thread/6057/cry-baby-stakes-dirt-giii'),
(440, 44, 'Beauty and the Beast Stakes', 42, 1, 6.0, '1000-01-01', 'http://seeingstars.boards.net/thread/6055/beauty-beast-stakes-6f-turf');
INSERT INTO `races` (`id`, `series`, `name`, `surface`, `grade`, `distance`, `ran_dt`, `url`) VALUES
(441, 44, 'Royalty Stakes', 41, 1, 7.0, '2016-04-24', 'http://seeingstars.boards.net/thread/6054/royalty-stakes-7f-dirt-ol'),
(442, 44, 'City of Bones Handicap', 42, 2, 15.0, '1000-01-01', 'http://seeingstars.boards.net/thread/6058/city-bones-handicap-turf-giii'),
(443, 30, 'April 23 Under 75 Allowance', 41, 2, 8.0, '1000-01-01', 'http://seeingstars.boards.net/thread/6056/april-23-allowance-dirt-giii'),
(444, 44, 'Green Tea Handicap', 41, 2, 9.0, '1000-01-01', 'http://seeingstars.boards.net/thread/6064/green-tea-handicap-dirt-giii'),
(445, 44, 'Where Are You Now', 41, 2, 10.0, '2016-04-23', 'http://seeingstars.boards.net/thread/6015/where-stakes-dirt-giii-completed'),
(446, 44, 'Cheap Thrills Stakes', 41, 2, 9.0, '2016-04-14', 'http://seeingstars.boards.net/thread/5951/cheap-thrills-stakes-dirt-completed'),
(447, 44, 'Wake Me Up Stakes', 41, 2, 9.5, '2016-04-13', 'http://seeingstars.boards.net/thread/5926/wake-stakes-dirt-giii-compelted'),
(448, 29, 'April 27 Maiden Weight Sprint 7.0f turf', 42, 1, 7.0, '2016-04-27', 'http://seeingstars.boards.net/thread/6081/april-maiden-weight-sprint-stat'),
(449, 29, 'Apirl 27 Maiden Special Weight - 8.0f Dirt', 41, 1, 8.0, '2016-04-27', 'http://seeingstars.boards.net/thread/6080/apirl-maiden-special-weight-dirt'),
(450, 44, 'This Is Gospel', 42, 2, 9.0, '2016-05-01', 'http://seeingstars.boards.net/thread/6127/gospel-9f-tf-giii-closed');

-- --------------------------------------------------------

--
-- Table structure for table `race_entries`
--

CREATE TABLE IF NOT EXISTS `race_entries` (
  `id` int(10) unsigned NOT NULL AUTO_INCREMENT,
  `horse_id` int(100) unsigned NOT NULL,
  `race_id` int(100) unsigned NOT NULL,
  `placing` int(11) NOT NULL,
  PRIMARY KEY (`id`),
  KEY `race_entrants_horse_id_index` (`horse_id`),
  KEY `race_entrants_race_id_index` (`race_id`)
) ENGINE=InnoDB  DEFAULT CHARSET=latin1 AUTO_INCREMENT=323 ;

--
-- Dumping data for table `race_entries`
--

INSERT INTO `race_entries` (`id`, `horse_id`, `race_id`, `placing`) VALUES
(1, 3, 141, 8),
(2, 20, 141, 4),
(3, 1, 9, 1),
(4, 1, 10, 1),
(5, 1, 11, 1),
(6, 1, 12, 1),
(7, 1, 156, 1),
(8, 1, 14, 1),
(9, 1, 15, 1),
(10, 1, 16, 1),
(11, 1, 27, 2),
(12, 1, 28, 2),
(13, 1, 29, 2),
(14, 1, 30, 2),
(15, 1, 31, 2),
(16, 1, 32, 2),
(17, 1, 33, 2),
(18, 1, 34, 2),
(19, 1, 35, 2),
(20, 1, 36, 2),
(21, 1, 37, 2),
(22, 1, 38, 2),
(23, 1, 39, 3),
(24, 1, 40, 3),
(25, 1, 41, 3),
(26, 1, 42, 3),
(27, 1, 43, 3),
(28, 1, 44, 3),
(29, 1, 45, 3),
(30, 1, 46, 3),
(31, 1, 252, 5),
(32, 1, 57, 5),
(33, 1, 58, 5),
(34, 1, 59, 5),
(35, 1, 60, 5),
(36, 1, 62, 5),
(37, 1, 63, 5),
(38, 1, 74, 11),
(39, 1, 76, 7),
(40, 1, 77, 6),
(41, 1, 78, 6),
(42, 1, 80, 7),
(43, 1, 81, 8),
(44, 1, 82, 9),
(45, 1, 23, 6),
(46, 1, 83, 6),
(47, 1, 84, 8),
(48, 1, 85, 10),
(49, 1, 86, 14),
(50, 1, 65, 4),
(51, 1, 87, 6),
(52, 1, 88, 6),
(53, 1, 89, 8),
(54, 1, 90, 6),
(55, 1, 64, 2),
(56, 1, 207, 4),
(57, 2, 207, 3),
(58, 19, 208, 4),
(59, 2, 209, 2),
(60, 19, 210, 9),
(61, 3, 211, 6),
(62, 30, 180, 3),
(63, 30, 3, 2),
(64, 30, 172, 3),
(65, 30, 163, 7),
(66, 30, 138, 2),
(67, 30, 122, 1),
(68, 30, 113, 4),
(69, 30, 24, 7),
(70, 23, 201, 2),
(71, 23, 187, 5),
(72, 23, 153, 7),
(73, 28, 193, 11),
(74, 28, 197, 10),
(75, 28, 194, 14),
(76, 28, 99, 11),
(77, 28, 101, 8),
(78, 28, 153, 9),
(79, 4, 91, 1),
(80, 4, 92, 2),
(81, 4, 93, 2),
(82, 4, 94, 2),
(83, 4, 95, 3),
(84, 4, 96, 4),
(85, 4, 97, 4),
(86, 4, 99, 5),
(87, 4, 100, 5),
(88, 4, 101, 5),
(89, 4, 102, 5),
(90, 4, 103, 5),
(91, 4, 176, 7),
(92, 4, 166, 7),
(93, 4, 164, 7),
(94, 4, 162, 6),
(95, 4, 153, 6),
(96, 4, 151, 8),
(97, 4, 150, 6),
(98, 4, 123, 10),
(99, 4, 117, 8),
(101, 2, 211, 3),
(102, 2, 187, 1),
(103, 2, 139, 1),
(104, 2, 126, 1),
(105, 2, 173, 2),
(106, 2, 141, 2),
(107, 2, 135, 2),
(108, 2, 192, 3),
(109, 2, 175, 3),
(110, 2, 116, 3),
(111, 2, 146, 4),
(112, 2, 110, 4),
(113, 2, 109, 4),
(114, 2, 52, 5),
(115, 2, 130, 6),
(116, 2, 121, 13),
(117, 2, 108, 8),
(118, 19, 203, 1),
(119, 19, 194, 2),
(120, 19, 140, 2),
(121, 19, 132, 2),
(122, 19, 114, 2),
(123, 19, 200, 2),
(124, 19, 189, 3),
(125, 19, 164, 3),
(126, 19, 163, 3),
(127, 19, 151, 3),
(128, 19, 118, 3),
(129, 19, 112, 5),
(130, 19, 201, 7),
(131, 19, 196, 8),
(132, 19, 181, 8),
(133, 19, 141, 7),
(134, 19, 146, 6),
(135, 19, 139, 8),
(136, 19, 135, 9),
(137, 19, 128, 8),
(138, 19, 127, 8),
(139, 19, 124, 8),
(140, 19, 121, 9),
(141, 19, 115, 7),
(142, 19, 116, 13),
(143, 19, 110, 10),
(144, 29, 115, 2),
(145, 29, 15, 3),
(146, 29, 35, 3),
(147, 29, 186, 4),
(148, 29, 62, 4),
(149, 29, 114, 4),
(150, 29, 43, 5),
(151, 29, 189, 5),
(152, 29, 31, 5),
(153, 29, 143, 5),
(154, 29, 81, 9),
(155, 29, 30, 7),
(156, 29, 196, 11),
(157, 29, 45, 6),
(158, 29, 33, 7),
(159, 29, 149, 3),
(160, 29, 88, 7),
(161, 29, 128, 6),
(162, 29, 118, 7),
(163, 23, 212, 5),
(164, 19, 212, 6),
(165, 27, 212, 10),
(166, 27, 99, 1),
(167, 27, 112, 3),
(168, 27, 202, 4),
(169, 27, 192, 4),
(170, 27, 194, 4),
(171, 27, 203, 5),
(172, 27, 96, 5),
(173, 27, 200, 8),
(174, 27, 166, 8),
(175, 27, 164, 6),
(176, 27, 151, 6),
(177, 27, 97, 7),
(178, 27, 123, 7),
(179, 27, 94, 7),
(180, 27, 111, 8),
(181, 23, 215, 11),
(182, 28, 215, 8),
(183, 28, 107, 4),
(184, 20, 73, 6),
(185, 3, 73, 7),
(186, 19, 98, 5),
(187, 19, 223, 10),
(188, 19, 216, 6),
(189, 19, 221, 10),
(190, 19, 217, 5),
(191, 19, 220, 9),
(193, 19, 231, 2),
(194, 27, 232, 12),
(195, 19, 233, 8),
(196, 19, 234, 2),
(197, 24, 235, 5),
(198, 19, 224, 11),
(199, 2, 236, 3),
(200, 19, 236, 10),
(201, 27, 237, 14),
(202, 21, 237, 13),
(203, 4, 238, 7),
(204, 27, 241, 6),
(205, 27, 240, 6),
(206, 27, 242, 8),
(207, 29, 242, 4),
(208, 25, 242, 10),
(209, 55, 58, 1),
(210, 55, 48, 5),
(211, 55, 27, 5),
(212, 55, 74, 3),
(213, 55, 75, 5),
(214, 55, 28, 3),
(215, 55, 12, 2),
(216, 55, 29, 5),
(217, 81, 212, 1),
(218, 4, 243, 7),
(219, 27, 245, 8),
(220, 27, 244, 8),
(221, 25, 244, 5),
(222, 78, 248, 50),
(223, 2, 239, 2),
(224, 19, 239, 9),
(225, 3, 239, 5),
(226, 59, 287, 4),
(227, 90, 207, 8),
(228, 90, 282, 5),
(229, 90, 321, 1),
(230, 90, 328, 1),
(231, 90, 354, 2),
(232, 90, 358, 2),
(233, 90, 369, 5),
(234, 90, 397, 5),
(235, 90, 404, 2),
(236, 20, 21, 1),
(237, 20, 22, 1),
(238, 20, 24, 2),
(239, 20, 23, 1),
(240, 20, 76, 3),
(241, 20, 77, 3),
(242, 20, 174, 3),
(243, 20, 179, 3),
(244, 20, 229, 3),
(245, 20, 137, 4),
(246, 40, 36, 4),
(247, 20, 11, 5),
(248, 21, 25, 1),
(249, 21, 26, 1),
(250, 26, 11, 1),
(251, 26, 179, 1),
(252, 26, 170, 1),
(253, 26, 137, 1),
(254, 26, 174, 2),
(255, 26, 21, 3),
(256, 26, 159, 3),
(257, 26, 152, 3),
(258, 26, 169, 4),
(259, 26, 161, 4),
(260, 26, 230, 5),
(261, 26, 227, 5),
(262, 26, 256, 6),
(263, 26, 23, 10),
(264, 26, 191, 11),
(265, 26, 190, 7),
(266, 26, 165, 10),
(267, 26, 44, 6),
(268, 26, 168, 8),
(269, 26, 160, 6),
(270, 26, 229, 11),
(271, 71, 439, 1),
(272, 101, 103, 4),
(273, 101, 97, 9),
(274, 86, 432, 4),
(275, 86, 315, 4),
(276, 86, 199, 9),
(277, 86, 9, 9),
(278, 86, 11, 8),
(279, 86, 12, 9),
(280, 86, 194, 3),
(281, 74, 439, 12),
(282, 74, 244, 5),
(283, 73, 232, 11),
(284, 73, 439, 6),
(285, 73, 443, 0),
(286, 74, 443, 0),
(287, 71, 445, 1),
(288, 71, 233, 1),
(289, 71, 447, 3),
(290, 107, 327, 6),
(291, 107, 359, 4),
(292, 107, 368, 7),
(293, 107, 389, 4),
(294, 4, 441, 10),
(295, 21, 439, 9),
(296, 27, 443, 7),
(297, 115, 255, 6),
(298, 115, 264, 9),
(299, 115, 285, 4),
(300, 115, 243, 10),
(301, 25, 443, 5),
(302, 77, 366, 3),
(303, 69, 366, 3),
(304, 77, 412, 4),
(305, 77, 282, 9),
(306, 77, 420, 4),
(307, 77, 422, 9),
(308, 77, 269, 2),
(309, 77, 271, 8),
(310, 77, 286, 4),
(311, 77, 242, 10),
(312, 69, 387, 6),
(313, 69, 412, 8),
(314, 69, 415, 4),
(315, 69, 419, 7),
(316, 69, 207, 12),
(317, 69, 250, 2),
(318, 69, 433, 3),
(319, 69, 58, 6),
(320, 69, 32, 3),
(321, 69, 5, 3),
(322, 56, 450, 6);

-- --------------------------------------------------------

--
-- Table structure for table `users`
--

CREATE TABLE IF NOT EXISTS `users` (
  `id` int(100) unsigned NOT NULL AUTO_INCREMENT,
  `email` varchar(255) NOT NULL,
  `name` varchar(255) NOT NULL,
  `admin` int(1) DEFAULT '0',
  `owner` int(1) DEFAULT '0',
  `password` varchar(255) NOT NULL,
  `remember_token` varchar(100) DEFAULT NULL,
  `created_at` timestamp NOT NULL DEFAULT CURRENT_TIMESTAMP ON UPDATE CURRENT_TIMESTAMP,
  `updated_at` timestamp NOT NULL DEFAULT '0000-00-00 00:00:00',
  PRIMARY KEY (`id`),
  UNIQUE KEY `email` (`email`),
  UNIQUE KEY `name` (`name`)
) ENGINE=InnoDB  DEFAULT CHARSET=latin1 AUTO_INCREMENT=19 ;

--
-- Dumping data for table `users`
--

INSERT INTO `users` (`id`, `email`, `name`, `admin`, `owner`, `password`, `remember_token`, `created_at`, `updated_at`) VALUES
(6, 'idirae@gmail.com', 'idirae', 1, 1, '$2y$10$2jh54chGJ9MTBNo5PSkngukduXqw8V7kbn6tI2Nl7x.Qtygvs1Opi', 'p3KoJhIWTmTqySfjcy6oazL94BIUKoeMQBoo9TT3YU6XcnBlrlDnmLjD3kgp', '2016-04-29 02:04:16', '2016-04-29 06:04:16'),
(8, 'demo@demo.com', 'DemoUser', 0, 0, '$2y$10$4TaacFv4qQGVcn9rzCRNheYwsKoaaE0jcOQ2grqSCWG3nYWXLNoHa', 'uBf81syZecUnx55GdbBQkElDxT5MQCI3JILwXZwjgCQMGBwvIPWzaM4kThMt', '2016-04-13 05:28:24', '2016-04-15 05:59:20'),
(9, 'melaljay@yahoo.com', 'Jez', 0, 1, '$2y$10$YFUIJDvYFo9Ezu8Nsz66VOj6rp77ZZiO1gI97ccunbA8a3u5tQQYm', 'Q9hO0iGGzpIiSPUCAY3KjrfiAlhuuhbt6etEQMHVwZDhsitPCkQhw2Xiw3bJ', '2016-04-13 07:19:39', '2016-04-13 10:14:48'),
(10, 'necoville@gmail.com', 'Neco', 1, 1, '$2y$10$d9rPCUdoc..ufIgltOZjj.YOKK4W2GHFn.T3eeULKvVujtm81UsGG', '8CHedaVq6yQiWZioxnilUerUi6hmmBVxZUn6pRD0D6XWRhpRAS715wFyI9hy', '2016-04-19 22:42:27', '2016-04-20 02:42:27'),
(11, 'copperhorse@live.ca', 'angora', 1, 1, '$2y$10$2ShMFMnbVTh9CTDV2Tl/2esB17xeAhMUHMn7DLb86FJI0QVI8shky', 'GasbdXQHYVHuPs4VLPtCHKN3ZGRKVfBFI7k4uzdlt88YDNXslNQArDPsJvXq', '2016-04-22 15:08:51', '2016-04-22 05:12:11'),
(12, 'daveenapetz@aol.com', 'Daveena', 1, 1, '$2y$10$4uyTqVgqDL/25e4q3i29.ulbiHMqJxc8aa3Eh05h2BTpTLZ5vuCce', '6J9LzjBeDdbqYlL6xq8R8FnedCeaWK7rnHVtz963Jzf7PBmnGZDA29BHXNjG', '2016-04-22 16:36:23', '2016-04-16 21:11:03'),
(13, 'jewellzc@yahoo.com', 'Jewellz', 1, 1, '$2y$10$kBAjc0cuEy9i9tZIQhUXp.HfdtpXRWvkx6qNdJSpXUwI.u/F5yLbu', '7w65VM1e7EaOoMRnox6CnJqQX4f4h5Yx3brcMtswiaxbFrXtzUi4FLJSSq7u', '2016-04-24 09:15:58', '2016-04-24 13:15:58'),
(14, 'leah.mhb@gmail.com', 'Haubing', 0, 1, '$2y$10$kq8EPiEStwSAqdMVCL1Mc.H77gWluXts61xFF9P7/tXTT/LKrT0S2', 'L3nqq9VngBLkZrAlP1YecNBKbQJZwmlGYJ7xXFvBz2FuZMj6kY32Tlg5W5I5', '2016-05-01 21:39:24', '2016-05-02 01:39:24'),
(15, 'dryl1@wp.pl', 'Aragorn', 0, 1, '$2y$10$b5jtgwx5EplT2BTCYip/zupJAA3vn.q1dcVS67Qtqyb37M/VtOPMe', 'GBU3JFdE9Nytw1QPxD3SYArRxbw5tMQfUB0255b19HYFaYZCsHL5Jkkj3RAh', '2016-04-21 14:48:51', '2016-04-21 18:48:51'),
(16, 'Ryder_243@yahoo.com', 'Ryder', 0, 1, '$2y$10$Nq4UjkYsyrVpsKwqg1pET.73OKroKae3DeyHIEb30qsF/T9rwnifC', 'CLiSEPkoZ1HQmUWW0SKM4OxSEnDVwJx5Iv5O1TWZjgRvjqUNslTwzYmWrZKD', '2016-04-22 06:17:20', '2016-04-22 10:17:20'),
(17, 'elbeess96@gmail.com', 'Elbeess', 0, 1, '$2y$10$PlMsJCQtMij6icSAGGoaI.CPij/q9wKBwgOJDhkxVYmWPy5WZb5BK', '5042rwOGgY7XH0NpCTmtA4TSPUXhGxKRAobUj9wi2MsMiYkmUnt9m8Wci6ix', '2016-04-21 14:12:25', '2016-04-21 10:36:02'),
(18, 'katann77573@yahoo.com', 'katann', 1, 1, '$2y$10$9HuEbH9BQPttRkaaJvh7R.Yp/aakfqdiL7VF.3g3sc729H21AfI.e', 'J7EDj5lRJVHrQAI8XG3dT09JEPHmEYnR548rK0x6rhHnJAAd8VIPXlhIZ6JD', '2016-04-22 15:08:55', '2016-04-21 18:42:58');

--
-- Constraints for dumped tables
--

--
-- Constraints for table `horses`
--
ALTER TABLE `horses`
  ADD CONSTRAINT `horses_ibfk_1` FOREIGN KEY (`sex`) REFERENCES `domain_values` (`id`),
  ADD CONSTRAINT `horses_ibfk_10` FOREIGN KEY (`surface_dirt`) REFERENCES `domain_values` (`id`) ON DELETE SET NULL ON UPDATE SET NULL,
  ADD CONSTRAINT `horses_ibfk_11` FOREIGN KEY (`surface_turf`) REFERENCES `domain_values` (`id`) ON DELETE SET NULL ON UPDATE SET NULL,
  ADD CONSTRAINT `horses_ibfk_12` FOREIGN KEY (`bandages`) REFERENCES `domain_values` (`id`) ON DELETE SET NULL ON UPDATE SET NULL,
  ADD CONSTRAINT `horses_ibfk_13` FOREIGN KEY (`neck_height`) REFERENCES `domain_values` (`id`) ON DELETE SET NULL ON UPDATE SET NULL,
  ADD CONSTRAINT `horses_ibfk_14` FOREIGN KEY (`run_style`) REFERENCES `domain_values` (`id`) ON DELETE SET NULL ON UPDATE SET NULL,
  ADD CONSTRAINT `horses_ibfk_15` FOREIGN KEY (`hood`) REFERENCES `domain_values` (`id`) ON DELETE SET NULL ON UPDATE SET NULL,
  ADD CONSTRAINT `horses_ibfk_16` FOREIGN KEY (`shadow_roll`) REFERENCES `domain_values` (`id`) ON DELETE SET NULL ON UPDATE SET NULL,
  ADD CONSTRAINT `horses_ibfk_17` FOREIGN KEY (`breeding_status`) REFERENCES `domain_values` (`id`) ON DELETE SET NULL ON UPDATE SET NULL,
  ADD CONSTRAINT `horses_ibfk_2` FOREIGN KEY (`grade`) REFERENCES `domain_values` (`id`) ON DELETE SET NULL ON UPDATE SET NULL,
  ADD CONSTRAINT `horses_ibfk_3` FOREIGN KEY (`leg_type`) REFERENCES `domain_values` (`id`) ON DELETE SET NULL ON UPDATE SET NULL,
  ADD CONSTRAINT `horses_ibfk_4` FOREIGN KEY (`owner`) REFERENCES `person` (`id`) ON DELETE NO ACTION ON UPDATE NO ACTION,
  ADD CONSTRAINT `horses_ibfk_5` FOREIGN KEY (`breeder`) REFERENCES `person` (`id`) ON DELETE SET NULL ON UPDATE SET NULL,
  ADD CONSTRAINT `horses_ibfk_6` FOREIGN KEY (`hexer`) REFERENCES `person` (`id`) ON DELETE SET NULL ON UPDATE SET NULL,
  ADD CONSTRAINT `horses_ibfk_7` FOREIGN KEY (`pos_ability_1`) REFERENCES `abilities` (`id`) ON DELETE SET NULL ON UPDATE SET NULL,
  ADD CONSTRAINT `horses_ibfk_8` FOREIGN KEY (`pos_ability_2`) REFERENCES `abilities` (`id`) ON DELETE SET NULL ON UPDATE SET NULL,
  ADD CONSTRAINT `horses_ibfk_9` FOREIGN KEY (`neg_ability_1`) REFERENCES `abilities` (`id`) ON DELETE SET NULL ON UPDATE SET NULL;

--
-- Constraints for table `lineages`
--
ALTER TABLE `lineages`
  ADD CONSTRAINT `lineages_ibfk_1` FOREIGN KEY (`horse_id`) REFERENCES `horses` (`id`),
  ADD CONSTRAINT `lineages_ibfk_2` FOREIGN KEY (`sire_id`) REFERENCES `horses` (`id`),
  ADD CONSTRAINT `lineages_ibfk_3` FOREIGN KEY (`dam_id`) REFERENCES `horses` (`id`);

--
-- Constraints for table `person`
--
ALTER TABLE `person`
  ADD CONSTRAINT `person_ibfk_1` FOREIGN KEY (`user_id`) REFERENCES `users` (`id`) ON DELETE SET NULL ON UPDATE SET NULL;

--
-- Constraints for table `races`
--
ALTER TABLE `races`
  ADD CONSTRAINT `races_ibfk_1` FOREIGN KEY (`grade`) REFERENCES `domain_values` (`id`),
  ADD CONSTRAINT `races_ibfk_2` FOREIGN KEY (`surface`) REFERENCES `domain_values` (`id`),
  ADD CONSTRAINT `races_ibfk_3` FOREIGN KEY (`series`) REFERENCES `domain_values` (`id`);

--
-- Constraints for table `race_entries`
--
ALTER TABLE `race_entries`
  ADD CONSTRAINT `race_entries_ibfk_1` FOREIGN KEY (`horse_id`) REFERENCES `horses` (`id`),
  ADD CONSTRAINT `race_entries_ibfk_2` FOREIGN KEY (`race_id`) REFERENCES `races` (`id`);

/*!40101 SET CHARACTER_SET_CLIENT=@OLD_CHARACTER_SET_CLIENT */;
/*!40101 SET CHARACTER_SET_RESULTS=@OLD_CHARACTER_SET_RESULTS */;
/*!40101 SET COLLATION_CONNECTION=@OLD_COLLATION_CONNECTION */;